date,ALLSKY_SFC_SW_DWN,T2M,RH2M,WS10M,PRECTOTCORR,PS,CLOUD_AMT
20210101,3.58,3.72,85.01,5.15,16.23,102.7,68.88
20210102,6.15,6.28,88.02,7.12,3.13,101.17,76.41
20210103,1.84,4.21,92.54,7.26,8.93,101.53,96.97
20210104,5.79,3.82,87.46,4.89,0.98,101.37,89.72
20210105,3.46,3.44,81.72,4.35,0.09,101.22,96.4
20210106,8.44,2.47,81.5,7.56,0.0,101.49,35.55
20210107,9.71,1.69,79.04,7.11,0.0,101.82,2.68
20210108,6.36,0.95,80.34,5.83,0.0,101.47,70.73
20210109,8.27,0.18,77.66,8.03,0.01,101.17,51.68
20210110,9.68,1.32,78.2,5.7,0.0,102.18,31.65
20210111,4.55,1.15,79.94,2.55,0.01,102.42,63.89
20210112,9.67,2.74,78.0,3.14,0.15,101.92,13.43
20210113,6.33,3.36,75.66,3.62,0.01,101.56,70.55
20210114,5.86,4.57,90.98,2.05,0.08,100.97,88.51
20210115,3.49,5.68,94.54,7.61,7.99,101.17,98.04
20210116,5.25,6.05,90.29,5.83,23.19,99.7,82.4
20210117,7.23,3.77,81.23,8.82,0.02,100.35,64.94
20210118,7.52,4.0,81.83,7.15,0.08,100.77,49.74
20210119,7.53,2.74,80.23,6.98,0.03,101.74,49.75
20210120,7.14,1.72,75.6,6.39,0.85,101.37,81.14
20210121,8.9,1.97,75.32,5.36,0.0,100.75,34.3
20210122,7.14,3.81,80.14,7.32,0.01,100.61,63.91
20210123,10.19,-0.74,72.39,9.78,0.01,101.71,44.66
20210124,11.25,-1.64,73.73,8.19,0.0,102.08,44.28
20210125,8.12,-0.24,71.5,4.23,0.0,101.9,81.43
20210126,1.98,2.0,87.41,6.2,5.09,101.27,94.33
20210127,4.86,2.01,84.68,5.69,0.22,101.48,95.29
20210128,11.39,-1.54,75.47,10.2,0.05,101.76,46.0
20210129,12.13,-5.52,78.25,11.4,0.05,101.98,13.28
20210130,12.72,-3.86,77.47,6.55,0.0,102.52,9.59
20210131,3.85,-2.96,81.31,5.14,2.75,102.38,96.76
20210201,1.63,1.28,94.94,14.35,24.78,100.69,94.96
20210202,3.73,1.1,92.27,9.6,6.44,99.48,94.08
20210203,6.06,-0.05,84.72,7.14,0.58,99.93,89.78
20210204,12.75,0.66,84.12,6.2,0.01,100.99,40.53
20210205,9.67,3.45,88.16,5.68,0.55,100.6,71.07
20210206,12.55,2.34,77.02,6.29,0.0,101.61,67.53
20210207,2.09,1.42,90.19,6.83,14.25,101.36,81.19
20210208,13.33,-3.82,72.85,5.18,0.0,102.75,37.2
20210209,1.96,0.83,84.29,4.05,1.87,102.23,80.96
20210210,12.23,-1.62,76.13,3.86,0.37,102.54,73.63
20210211,6.84,-1.06,81.38,4.91,2.51,102.36,99.38
20210212,5.28,-2.75,68.52,4.42,0.0,102.59,84.78
20210213,4.86,-1.7,79.19,6.43,1.14,102.4,92.24
20210214,6.43,1.06,87.24,4.91,0.22,102.21,92.99
20210215,3.43,1.27,90.29,5.83,2.78,102.02,95.69
20210216,8.72,5.21,89.36,7.9,20.56,100.51,71.96
20210217,12.43,-1.63,69.33,5.85,0.03,102.61,51.9
20210218,2.85,-0.57,85.34,7.13,9.24,102.66,92.51
20210219,5.8,0.39,92.68,6.77,7.18,101.79,93.44
20210220,12.76,-1.16,82.15,7.49,0.24,101.95,41.79
20210221,15.83,-1.35,74.1,5.34,0.01,103.09,26.87
20210222,2.72,1.62,87.37,6.71,17.41,101.61,94.34
20210223,5.93,2.51,90.58,6.4,0.69,100.59,78.16
20210224,15.08,4.25,86.58,6.74,0.0,101.35,49.75
20210225,17.34,4.14,78.48,6.37,0.0,101.77,19.98
20210226,14.53,2.82,69.72,3.54,0.0,102.91,80.18
20210227,7.81,5.81,94.25,6.19,8.55,102.09,87.13
20210228,3.02,4.45,93.22,4.3,8.85,102.1,99.43
20210301,4.59,4.96,87.9,5.99,11.4,100.59,82.99
20210302,17.89,-1.33,65.76,9.77,0.0,101.97,11.07
20210303,16.77,3.7,79.27,5.26,0.0,101.21,17.25
20210304,13.98,2.7,75.25,7.64,0.0,100.97,32.58
20210305,18.59,-0.36,67.59,8.91,0.0,101.21,13.95
20210306,10.97,0.5,72.34,6.12,0.02,101.83,84.73
20210307,18.52,0.5,68.56,4.77,0.0,102.58,22.92
20210308,18.09,0.81,65.97,4.54,0.0,102.93,27.95
20210309,15.99,6.06,79.1,5.91,0.0,102.65,35.71
20210310,16.65,5.22,90.01,4.38,0.0,103.09,40.99
20210311,16.81,8.3,94.24,6.14,0.0,102.25,56.4
20210312,16.04,10.17,78.09,5.86,0.11,101.72,60.7
20210313,20.77,3.75,65.8,6.9,0.0,102.22,7.04
20210314,18.71,4.19,68.83,8.66,0.01,101.56,14.79
20210315,21.34,-0.51,61.35,8.22,0.0,102.53,26.72
20210316,5.56,0.82,67.71,3.76,2.67,102.38,98.94
20210317,7.79,4.49,91.46,2.61,0.45,102.03,97.83
20210318,2.63,5.51,95.71,5.16,31.48,101.2,99.65
20210319,21.05,1.98,69.55,9.54,7.07,102.11,40.23
20210320,21.87,4.68,67.2,3.16,0.01,103.27,0.47
20210321,21.63,5.81,79.36,2.83,0.0,103.24,0.91
20210322,21.88,6.64,87.07,3.1,0.0,102.81,0.56
20210323,18.6,6.42,95.89,3.73,0.56,102.41,54.74
20210324,5.52,7.73,97.21,5.52,22.96,101.93,95.16
20210325,10.39,10.39,95.75,3.59,1.83,101.62,91.01
20210326,15.92,12.47,85.91,8.71,1.17,100.8,54.01
20210327,19.62,9.55,81.49,4.2,0.01,101.9,49.49
20210328,3.74,10.14,93.28,7.6,31.84,100.63,90.88
20210329,22.33,7.43,69.24,8.07,0.01,101.58,30.28
20210330,23.08,7.74,82.32,5.19,0.0,102.68,19.81
20210331,6.87,10.14,93.12,6.9,5.46,101.65,98.97
20210401,14.7,6.89,78.06,8.63,2.02,100.95,73.38
20210402,16.65,1.35,68.09,6.78,0.01,102.13,45.46
20210403,24.54,4.51,61.63,4.59,0.0,102.51,24.42
20210404,20.08,8.51,73.02,3.34,0.0,101.72,45.82
20210405,24.53,9.5,72.89,6.41,0.0,101.32,22.54
20210406,24.46,10.08,70.22,4.61,0.0,101.3,15.87
20210407,18.03,10.42,78.49,3.07,0.39,101.47,49.38
20210408,23.81,10.88,79.68,2.4,0.0,101.82,5.1
20210409,12.5,8.83,91.8,2.71,0.05,101.99,94.18
20210410,13.75,11.22,94.02,2.88,0.22,101.33,96.52
20210411,3.98,10.17,96.13,6.0,12.21,100.25,98.1
20210412,5.31,8.02,90.0,6.19,13.76,100.71,99.21
20210413,22.83,9.93,80.47,3.49,0.85,101.56,47.03
20210414,14.99,10.96,87.23,3.82,0.06,101.46,63.65
20210415,6.71,10.02,95.18,3.92,20.01,100.53,94.16
20210416,13.58,7.86,81.29,6.28,1.01,100.32,82.9
20210417,12.38,8.76,77.95,3.23,0.07,100.7,93.74
20210418,17.83,10.4,80.95,3.14,0.05,100.93,80.65
20210419,14.81,11.25,83.62,2.55,0.18,100.98,61.64
20210420,23.51,11.87,84.08,6.35,0.03,101.18,32.43
20210421,14.64,10.22,79.51,9.2,3.07,100.52,67.65
20210422,20.87,5.46,65.88,8.6,0.02,101.08,67.42
20210423,27.35,8.35,68.99,6.67,0.0,101.47,21.45
20210424,22.99,10.8,77.07,4.62,0.0,101.38,52.78
20210425,13.68,10.49,86.03,5.33,15.54,100.61,78.9
20210426,28.71,8.5,66.7,7.28,0.01,101.54,9.23
20210427,22.19,9.77,70.22,2.87,0.03,101.63,80.73
20210428,21.36,14.8,89.87,3.19,0.19,100.87,88.27
20210429,9.47,16.46,93.39,4.4,4.55,100.26,99.81
20210430,20.91,13.5,71.88,9.07,0.15,99.82,69.43
20210501,28.59,9.89,67.21,7.01,0.04,101.02,30.9
20210502,19.84,14.39,80.26,5.92,0.47,100.73,84.26
20210503,7.11,12.37,93.22,3.35,6.26,100.9,99.47
20210504,16.85,12.99,91.58,3.55,5.16,100.61,95.04
20210505,9.06,12.24,92.74,3.57,8.1,100.54,85.46
20210506,27.35,12.05,72.62,4.76,0.01,101.22,49.39
20210507,20.83,11.33,80.55,4.27,0.02,101.14,84.84
20210508,11.9,10.3,84.82,2.82,2.29,101.09,82.54
20210509,13.93,10.22,83.76,4.78,7.17,101.48,74.81
20210510,14.32,11.54,83.78,3.26,2.41,101.04,87.81
20210511,23.57,11.98,75.39,4.49,0.04,101.61,66.41
20210512,27.43,11.7,70.89,4.76,0.0,102.01,29.01
20210513,27.84,13.02,69.1,3.51,0.0,102.17,16.92
20210514,27.71,14.34,72.29,3.27,0.0,102.2,15.83
20210515,23.87,14.79,77.32,2.96,0.01,102.28,39.68
20210516,17.2,15.25,76.76,2.88,0.12,102.36,89.39
20210517,26.22,15.9,79.0,2.91,0.05,102.43,17.79
20210518,28.31,16.74,76.63,5.1,0.0,102.46,10.49
20210519,28.5,18.7,73.89,3.39,0.0,102.44,26.48
20210520,26.5,15.63,79.03,3.47,0.0,103.02,16.14
20210521,28.12,16.19,81.77,3.62,0.0,103.05,29.57
20210522,18.51,20.42,81.29,3.65,0.01,102.0,93.55
20210523,24.1,21.25,79.31,4.97,0.04,101.28,71.55
20210524,14.67,15.42,73.74,5.05,0.0,102.36,97.1
20210525,22.93,16.35,79.1,5.5,0.0,102.25,62.82
20210526,23.07,19.32,91.19,5.91,2.33,101.47,64.93
20210527,29.65,20.16,77.11,4.11,0.72,101.27,39.3
20210528,14.2,14.63,77.48,8.17,24.12,101.45,84.74
20210529,5.33,10.71,87.59,10.38,43.7,101.44,99.86
20210530,5.83,11.35,90.83,8.57,35.73,101.89,97.01
20210531,22.49,13.97,78.8,4.05,0.07,102.16,55.17
20210601,20.21,15.92,81.61,3.83,0.0,102.34,94.35
20210602,17.13,15.97,88.82,3.37,0.04,102.23,99.29
20210603,11.45,17.14,95.59,4.9,8.8,101.61,99.54
20210604,14.08,18.8,95.12,3.94,4.39,101.21,76.19
20210605,28.64,20.92,85.7,4.72,0.14,101.26,6.59
20210606,28.66,21.83,85.13,4.36,0.05,101.6,14.99
20210607,21.75,21.12,92.37,4.3,0.7,101.74,54.74
20210608,16.23,21.37,95.59,3.7,8.06,101.6,98.44
20210609,23.51,22.81,88.55,2.72,1.67,101.4,78.25
20210610,25.89,20.11,79.94,5.5,0.04,101.51,41.46
20210611,9.99,17.6,82.54,5.21,0.47,101.38,98.4
20210612,14.52,17.91,85.18,3.59,0.18,101.01,78.69
20210613,13.67,18.4,81.78,3.2,0.04,101.21,76.52
20210614,16.68,18.87,91.22,4.37,11.09,100.95,86.33
20210615,27.38,20.63,83.18,4.21,3.97,100.57,37.2
20210616,31.12,19.35,70.57,4.61,0.0,100.98,7.48
20210617,31.8,19.08,63.39,2.81,0.0,101.4,13.53
20210618,28.78,19.92,77.36,5.68,0.36,101.4,42.54
20210619,20.18,22.04,85.51,4.47,6.45,100.74,92.17
20210620,26.56,21.81,87.96,4.03,0.05,100.85,48.07
20210621,20.39,22.24,93.07,5.53,0.56,100.49,80.78
20210622,7.45,20.94,86.75,4.13,10.08,100.59,97.7
20210623,28.99,18.45,64.41,4.04,0.0,102.04,19.04
20210624,30.05,19.0,70.68,4.05,0.1,102.67,12.21
20210625,28.09,19.59,84.63,4.03,0.22,102.4,63.23
20210626,17.78,21.78,92.79,5.4,0.92,102.22,88.75
20210627,21.3,23.05,89.31,6.44,0.21,102.07,89.25
20210628,27.12,24.39,85.95,6.03,0.32,102.16,55.13
20210629,27.84,25.33,82.81,5.54,0.15,102.05,42.05
20210630,28.29,25.46,84.14,5.55,1.57,101.4,39.34
20210701,13.09,23.91,87.67,3.51,37.2,100.89,89.94
20210702,14.2,21.86,88.99,3.86,17.95,100.64,95.7
20210703,12.17,18.73,87.24,5.26,32.82,100.74,94.29
20210704,25.69,20.4,81.05,1.76,3.68,101.12,41.16
20210705,25.29,22.8,85.37,3.44,4.05,101.57,13.78
20210706,24.81,24.07,88.87,6.91,8.55,101.36,54.5
20210707,25.65,24.69,88.86,4.04,4.19,101.29,30.24
20210708,14.85,23.82,94.06,4.27,19.24,101.36,92.98
20210709,21.49,23.62,88.37,7.11,81.2,100.85,79.49
20210710,19.85,23.03,86.37,3.32,0.95,101.35,57.13
20210711,14.57,22.43,93.29,3.79,2.81,101.73,92.71
20210712,16.0,24.11,93.41,3.78,4.68,101.79,83.5
20210713,10.84,22.19,94.63,5.05,3.67,102.12,85.76
20210714,20.72,24.25,90.18,2.75,3.59,101.9,82.04
20210715,23.32,24.88,86.55,2.83,1.3,101.68,57.97
20210716,25.44,25.68,86.91,4.14,2.28,101.48,45.71
20210717,21.55,25.58,90.25,4.07,9.25,101.53,67.31
20210718,17.8,24.65,87.13,5.74,5.62,101.27,82.19
20210719,20.42,23.74,80.03,3.15,1.24,101.29,50.76
20210720,17.64,24.85,80.9,2.73,0.53,101.13,14.16
20210721,16.53,24.1,86.01,2.78,5.04,101.02,46.52
20210722,21.99,22.72,74.1,3.45,0.04,101.65,50.18
20210723,26.62,23.04,69.88,2.67,0.12,101.81,22.81
20210724,24.08,22.92,78.12,3.13,0.64,101.71,47.71
20210725,15.04,23.65,88.76,6.77,27.79,101.18,82.75
20210726,21.59,25.32,80.52,1.9,1.69,101.08,56.77
20210727,24.95,24.8,79.77,2.98,0.97,101.24,26.87
20210728,23.91,23.34,81.98,2.82,1.37,101.38,31.29
20210729,9.98,23.03,88.88,6.28,7.94,101.19,66.5
20210730,27.27,23.41,76.36,5.75,0.2,100.78,14.0
20210731,27.56,20.48,65.06,3.18,0.0,101.34,14.65
20210801,11.22,21.83,77.54,3.79,1.07,101.12,77.67
20210802,25.36,22.31,76.1,3.49,0.34,101.27,17.42
20210803,14.78,21.51,75.85,2.38,0.25,101.81,92.05
20210804,12.05,21.32,81.0,3.29,2.37,101.86,94.29
20210805,22.54,21.45,83.4,4.93,3.1,101.72,49.26
20210806,25.4,23.33,82.88,4.19,0.02,101.92,25.41
20210807,17.5,23.47,82.11,3.97,0.45,101.72,95.6
20210808,19.44,21.65,84.56,4.84,4.01,101.69,77.22
20210809,19.57,22.59,89.21,2.55,2.64,101.86,65.98
20210810,15.81,23.94,92.39,4.33,3.94,101.83,79.5
20210811,22.62,25.05,90.63,5.01,4.72,101.5,55.16
20210812,23.88,25.97,85.53,4.95,0.36,101.42,47.36
20210813,24.32,26.8,82.77,3.11,0.73,101.5,55.68
20210814,19.03,26.07,78.1,3.57,1.94,101.61,69.41
20210815,23.65,23.65,66.42,3.74,3.09,102.02,70.79
20210816,13.73,23.8,72.92,2.71,0.0,102.07,96.89
20210817,12.67,24.09,79.07,4.24,0.87,102.09,99.72
20210818,14.81,24.59,92.81,4.22,3.52,102.02,94.74
20210819,13.92,26.07,87.15,6.38,3.33,101.22,97.11
20210820,10.09,24.97,81.9,2.71,12.81,101.09,97.82
20210821,11.35,24.37,89.53,3.2,4.38,101.13,92.3
20210822,5.46,24.04,90.91,6.27,66.08,100.79,99.68
20210823,15.95,24.78,90.26,6.53,11.66,100.67,61.54
20210824,23.4,25.68,80.32,3.17,0.03,101.24,4.34
20210825,22.79,26.0,79.35,2.04,0.02,101.71,18.99
20210826,21.57,26.05,85.33,3.34,0.41,101.76,34.75
20210827,16.99,27.29,81.4,1.47,4.01,101.68,71.47
20210828,6.21,23.39,83.96,7.07,7.63,102.1,85.06
20210829,9.93,22.88,88.89,4.26,1.39,101.96,86.36
20210830,16.21,24.44,91.56,3.67,4.2,101.04,73.61
20210831,16.17,24.73,82.01,2.45,1.31,100.73,98.21
20210901,5.07,23.37,91.69,5.51,55.06,100.52,99.91
20210902,24.34,20.41,75.42,7.38,25.52,100.7,23.13
20210903,19.09,19.42,74.46,3.75,0.04,101.53,27.78
20210904,21.99,19.89,81.11,3.4,0.02,101.45,44.93
20210905,7.28,21.58,90.0,5.96,2.04,100.96,94.66
20210906,21.71,22.64,83.07,4.1,0.52,100.82,33.86
20210907,22.57,21.2,82.28,3.29,0.01,101.27,3.7
20210908,16.01,22.86,89.67,7.53,1.67,100.99,59.95
20210909,5.86,21.32,91.21,4.32,14.15,100.65,98.68
20210910,21.68,19.89,76.09,6.22,0.07,101.14,8.64
20210911,19.82,19.9,78.4,4.45,0.01,101.97,16.95
20210912,16.74,21.96,85.92,6.39,0.01,101.72,39.3
20210913,15.89,23.23,84.18,4.09,1.34,101.49,75.41
20210914,14.24,21.8,85.73,3.69,0.91,101.6,80.65
20210915,15.81,23.44,93.18,6.01,1.3,101.39,75.89
20210916,10.66,22.23,92.73,4.7,5.75,102.0,93.59
20210917,5.25,21.98,92.45,5.61,0.88,102.04,82.14
20210918,17.25,23.17,83.9,2.91,0.07,101.57,34.81
20210919,21.11,21.03,71.63,3.9,0.01,101.89,1.18
20210920,17.74,20.23,73.26,3.18,0.07,102.53,29.79
20210921,14.14,21.0,83.04,4.08,0.41,102.48,74.9
20210922,13.36,22.78,94.02,6.05,0.72,101.73,93.09
20210923,6.88,23.12,91.68,8.12,13.66,101.27,99.14
20210924,20.2,19.13,70.11,4.08,6.29,101.6,19.71
20210925,19.25,19.61,69.96,2.41,0.11,101.43,31.89
20210926,19.05,19.03,72.81,5.88,0.09,101.14,10.3
20210927,18.22,19.88,78.84,6.79,2.51,101.27,35.08
20210928,6.71,20.02,88.33,5.32,3.56,100.9,75.39
20210929,17.03,16.97,68.37,5.45,0.24,101.38,65.11
20210930,14.87,16.47,70.33,4.63,0.03,101.77,57.85
20211001,17.64,16.18,67.91,3.73,0.0,102.18,11.32
20211002,16.8,18.26,79.47,4.89,0.0,101.88,40.75
20211003,14.17,19.87,87.15,3.93,0.35,101.36,59.58
20211004,6.49,20.71,96.04,2.5,9.56,101.29,97.69
20211005,5.02,17.59,89.48,4.27,1.11,102.14,96.98
20211006,5.65,18.5,80.91,2.35,0.21,102.61,95.72
20211007,11.81,19.47,82.63,1.95,0.2,102.33,53.75
20211008,12.28,19.4,87.99,2.87,0.23,101.95,56.2
20211009,7.79,18.48,86.53,7.67,0.61,102.14,99.29
20211010,4.27,18.83,90.49,8.36,2.07,101.9,90.59
20211011,9.43,18.79,86.71,7.35,0.21,101.6,68.72
20211012,9.17,18.45,87.74,3.62,0.13,101.74,67.2
20211013,5.32,19.16,84.69,1.65,0.49,101.5,73.28
20211014,14.55,20.06,84.59,3.38,0.17,101.19,45.95
20211015,13.98,20.23,88.58,3.23,0.05,101.15,48.94
20211016,10.62,20.11,90.71,7.72,8.05,100.61,67.86
20211017,11.92,15.09,76.92,7.01,0.85,100.83,29.95
20211018,10.94,13.29,75.36,7.83,0.69,101.06,60.39
20211019,15.58,14.56,72.51,7.32,0.0,101.41,3.83
20211020,14.97,17.86,77.49,5.47,0.0,101.47,26.14
20211021,14.41,17.84,86.98,5.62,0.04,101.33,13.55
20211022,11.23,17.71,79.02,5.16,0.06,101.02,35.22
20211023,8.9,14.08,73.85,4.23,1.12,101.32,74.82
20211024,7.59,13.83,73.43,3.84,0.86,101.93,63.61
20211025,8.91,18.83,92.43,5.23,7.24,101.19,96.96
20211026,5.55,17.0,93.06,6.95,85.74,99.47,97.29
20211027,5.76,14.39,80.62,9.86,8.02,100.31,85.27
20211028,12.34,12.49,81.86,4.41,0.04,101.25,39.62
20211029,6.04,13.65,82.36,9.81,15.83,100.88,96.13
20211030,8.98,16.32,86.37,5.62,5.36,100.12,83.14
20211031,8.83,15.11,86.04,5.93,1.15,100.2,62.47
20211101,12.7,13.13,73.75,5.83,0.02,101.63,37.32
20211102,4.92,10.63,75.64,3.58,0.32,102.09,86.33
20211103,12.09,9.06,72.28,4.8,0.08,102.31,44.19
20211104,10.62,8.68,67.41,3.94,0.01,102.5,71.48
20211105,12.75,8.99,66.5,5.13,0.0,102.58,4.87
20211106,12.8,9.34,64.56,3.49,0.0,102.7,3.76
20211107,11.2,9.81,69.82,4.19,0.0,102.07,61.28
20211108,12.06,12.46,74.32,4.65,0.0,101.85,7.15
20211109,11.43,13.71,84.39,2.94,0.03,101.74,14.95
20211110,11.19,13.72,78.57,4.86,0.02,101.76,43.07
20211111,8.59,13.05,77.49,5.7,0.14,102.3,92.4
20211112,4.7,15.55,88.2,7.92,14.81,101.32,62.44
20211113,5.54,11.12,82.31,7.13,2.2,100.84,33.19
20211114,6.79,7.68,79.57,6.08,1.07,101.16,66.0
20211115,5.05,7.83,81.28,7.75,0.82,100.96,72.43
20211116,10.81,7.1,75.03,6.19,0.03,101.96,24.94
20211117,7.31,10.55,74.5,4.51,0.03,102.3,59.61
20211118,9.52,14.18,90.09,7.05,2.42,101.48,33.79
20211119,9.43,7.52,74.48,7.79,2.82,102.35,37.6
20211120,9.02,6.54,70.84,3.88,0.0,103.17,69.91
20211121,7.94,10.58,85.51,4.57,0.11,102.25,84.23
20211122,3.72,9.09,82.17,6.57,1.93,101.06,85.95
20211123,9.23,3.74,75.84,8.44,0.01,101.6,23.08
20211124,10.45,4.38,72.21,6.05,0.0,102.47,29.07
20211125,7.33,8.12,75.09,4.98,0.16,101.58,79.23
20211126,5.34,7.03,81.27,8.13,6.62,100.36,93.08
20211127,7.64,3.54,73.94,8.38,0.0,101.04,71.82
20211128,3.75,5.19,76.02,2.47,0.12,101.05,93.22
20211129,5.84,4.59,77.57,6.16,0.07,101.17,56.69
20211130,3.29,4.3,76.51,5.17,0.09,101.49,84.71
20211201,8.89,6.9,73.93,4.79,0.11,101.9,66.22
20211202,4.3,11.17,88.04,6.89,1.02,100.68,86.0
20211203,9.06,6.37,72.77,7.28,0.0,101.31,31.0
20211204,8.14,5.71,76.23,3.08,0.31,101.9,61.49
20211205,7.58,6.44,66.08,4.24,0.01,102.51,86.13
20211206,4.04,11.73,90.8,8.47,11.37,100.97,92.79
20211207,6.65,4.66,67.26,5.28,0.01,101.96,87.83
20211208,3.23,4.53,76.06,3.05,2.23,101.44,91.64
20211209,6.15,3.13,72.06,4.77,0.02,102.08,69.88
20211210,5.66,7.5,74.83,3.57,0.35,101.99,81.36
20211211,1.41,12.14,94.66,8.46,7.75,100.75,98.98
20211212,9.3,6.97,65.8,7.75,0.45,101.83,35.1
20211213,9.1,6.81,72.22,7.13,0.0,102.35,32.17
20211214,8.94,7.1,73.17,5.44,0.0,103.09,20.41
20211215,6.81,9.21,81.07,6.23,0.24,103.24,78.62
20211216,6.71,11.67,89.82,7.34,0.08,101.7,99.04
20211217,7.59,10.89,75.65,5.75,0.0,101.7,90.04
20211218,2.68,7.79,85.62,3.98,4.97,101.62,99.01
20211219,5.7,4.29,78.6,8.93,0.6,101.62,63.74
20211220,9.35,0.81,71.12,4.59,0.0,102.47,2.88
20211221,5.48,4.44,74.61,4.02,0.25,101.67,89.38
20211222,7.97,5.54,77.61,7.26,3.39,100.45,44.73
20211223,7.81,1.8,67.76,5.15,0.27,101.97,50.14
20211224,4.27,4.46,81.59,3.34,0.29,101.62,97.33
20211225,2.73,8.08,96.07,4.26,6.54,100.12,97.42
20211226,8.88,6.16,82.77,6.5,0.04,101.11,23.98
20211227,3.47,3.29,79.08,3.85,0.98,101.57,82.67
20211228,3.61,6.75,83.87,3.64,0.61,100.96,98.23
20211229,2.75,7.08,91.86,3.26,2.67,101.08,99.31
20211230,4.02,8.45,92.19,2.01,2.78,101.25,97.55
20211231,2.41,8.94,96.77,2.51,0.32,101.28,96.91
20220101,1.8,9.69,97.66,3.27,16.64,100.68,99.7
20220102,2.57,8.69,89.9,4.12,3.99,100.4,99.98
20220103,1.58,0.11,81.21,9.76,7.15,101.7,80.1
20220104,9.46,-1.12,75.58,5.03,0.0,102.7,29.08
20220105,3.88,5.29,96.04,6.32,2.83,101.28,89.84
20220106,6.51,2.98,76.97,5.69,0.13,101.1,76.08
20220107,5.57,0.7,81.0,9.0,10.32,101.17,62.89
20220108,8.53,-1.82,72.48,5.86,0.0,103.2,18.24
20220109,3.95,3.88,86.4,8.68,5.56,102.15,84.27
20220110,8.74,-0.03,71.75,7.9,0.02,101.91,48.15
20220111,10.25,-5.38,76.45,6.8,0.01,103.03,8.82
20220112,7.26,1.29,75.25,7.31,0.0,102.17,63.95
20220113,7.01,4.82,79.24,2.12,0.0,101.37,90.3
20220114,7.8,2.59,86.26,9.73,0.0,100.78,57.25
20220115,8.99,-6.88,82.31,9.05,0.0,102.34,38.14
20220116,6.94,-1.1,86.18,7.31,6.67,102.19,63.51
20220117,3.34,4.51,85.3,12.38,34.94,98.88,96.14
20220118,6.87,0.8,70.96,8.78,0.12,101.16,49.36
20220119,8.45,4.3,77.76,7.47,0.0,101.74,68.71
20220120,5.1,1.43,84.0,7.22,7.94,102.03,80.76
20220121,9.84,-4.99,80.07,8.53,0.0,103.15,73.45
20220122,11.05,-3.24,74.27,4.98,0.02,102.57,39.14
20220123,8.65,-0.28,71.26,5.01,0.17,101.2,62.35
20220124,9.07,0.35,75.38,3.9,0.17,101.07,69.52
20220125,4.92,2.74,79.62,5.56,0.02,101.37,67.12
20220126,11.6,-3.04,72.93,6.17,0.0,102.61,7.69
20220127,11.37,-2.94,66.47,3.77,0.0,102.78,32.15
20220128,5.63,0.2,80.73,4.19,2.45,101.81,99.7
20220129,2.98,-5.54,89.74,13.54,9.3,100.42,90.21
20220130,12.49,-5.72,78.48,6.72,0.01,101.6,31.64
20220131,10.07,-2.9,66.45,3.39,0.0,102.64,53.69
20220201,9.48,-0.15,81.39,5.35,0.14,103.15,37.34
20220202,7.2,4.0,96.31,2.86,0.2,102.83,97.2
20220203,3.38,4.99,99.03,4.32,5.89,102.21,99.63
20220204,2.46,4.09,91.92,7.74,47.54,101.19,99.48
20220205,12.46,-3.23,76.65,8.71,0.2,102.38,40.31
20220206,13.0,-3.01,74.33,4.0,0.0,103.36,15.22
20220207,4.32,2.33,94.87,3.56,8.32,102.26,97.61
20220208,11.1,2.29,85.13,6.18,1.53,101.31,30.54
20220209,13.26,1.98,82.6,3.99,0.0,101.65,2.85
20220210,11.51,4.49,86.68,4.7,0.05,101.12,41.4
20220211,13.2,5.64,83.79,4.63,0.0,101.37,23.49
20220212,10.91,6.83,80.48,6.06,0.04,101.38,82.11
20220213,5.01,0.37,86.62,5.77,5.35,101.83,95.84
20220214,12.22,-4.49,72.36,8.45,0.01,102.14,37.66
20220215,13.39,-3.72,67.25,4.28,0.0,103.6,30.23
20220216,10.92,2.45,81.95,5.55,0.03,103.48,71.13
20220217,8.74,7.67,91.94,10.23,2.18,101.76,93.32
20220218,13.78,5.09,75.88,10.89,12.83,100.71,50.81
20220219,9.73,0.27,63.63,8.47,0.67,101.64,25.46
20220220,14.69,-1.4,68.76,6.54,0.0,102.85,17.17
20220221,15.54,3.83,89.17,4.91,0.0,102.59,20.89
20220222,5.29,6.45,97.04,6.26,5.31,102.16,88.44
20220223,8.4,9.31,86.56,7.94,0.09,101.51,90.92
20220224,6.12,0.4,71.59,5.71,0.89,102.92,96.85
20220225,7.15,1.93,87.37,8.3,20.77,101.91,80.05
20220226,15.27,-1.36,72.98,5.69,0.02,102.74,51.71
20220227,16.9,2.22,73.75,7.63,0.0,101.63,22.1
20220228,17.3,-0.43,60.46,5.47,0.0,102.34,26.13
20220301,7.42,3.35,77.81,5.34,0.45,101.92,97.24
20220302,17.24,4.79,81.1,4.18,0.04,101.42,34.59
20220303,17.62,2.6,73.57,8.3,1.9,101.76,40.13
20220304,18.71,-1.08,65.5,4.41,0.0,103.14,10.08
20220305,10.77,3.02,73.42,3.37,0.01,102.99,92.24
20220306,7.79,9.23,96.68,7.84,2.24,101.62,98.63
20220307,9.3,11.33,91.92,8.01,5.77,100.63,99.06
20220308,16.82,4.57,67.53,6.85,0.0,101.74,90.27
20220309,2.3,2.72,91.5,5.73,18.77,101.57,98.06
20220310,15.12,3.44,82.85,2.39,0.28,101.96,74.49
20220311,18.06,5.15,88.34,2.73,0.11,101.58,22.91
20220312,3.34,2.26,85.9,8.84,11.46,99.74,85.07
20220313,17.2,-0.71,69.19,8.9,0.21,102.02,52.96
20220314,17.99,4.98,81.5,5.47,0.0,102.7,55.11
20220315,16.69,7.42,87.72,5.1,0.01,102.18,65.82
20220316,18.91,8.39,83.69,3.6,0.01,102.12,24.82
20220317,5.44,8.21,97.26,4.65,11.19,101.43,89.91
20220318,17.62,9.96,91.22,3.94,0.23,101.42,66.29
20220319,12.96,10.48,95.47,5.86,2.27,100.86,74.78
20220320,9.84,9.47,82.48,5.96,0.27,100.82,80.72
20220321,21.59,8.23,73.67,5.88,0.01,101.7,20.97
20220322,19.53,7.02,68.81,5.2,0.0,102.06,71.45
20220323,10.65,4.99,73.11,6.86,3.51,102.12,94.62
20220324,6.17,7.69,96.27,5.44,26.67,100.95,98.47
20220325,14.07,8.42,83.52,4.43,0.52,100.19,87.19
20220326,11.91,7.31,82.17,5.48,2.55,99.79,81.17
20220327,12.08,4.01,74.0,8.34,2.77,100.37,74.01
20220328,16.5,-1.5,63.83,9.44,0.83,101.28,52.71
20220329,20.64,-0.15,67.65,8.06,0.08,102.01,34.71
20220330,11.99,2.81,64.8,4.23,0.0,102.02,76.99
20220331,7.97,10.36,95.71,9.88,7.49,100.46,92.29
20220401,14.28,9.19,78.36,7.43,2.4,100.34,86.32
20220402,23.37,5.63,71.44,5.59,0.01,101.59,51.72
20220403,7.12,5.98,88.32,4.44,5.38,100.91,91.44
20220404,17.54,6.36,76.46,5.06,0.0,101.4,59.56
20220405,12.35,7.09,83.37,3.38,2.45,101.57,93.68
20220406,5.81,8.3,94.2,7.01,25.01,100.78,98.59
20220407,2.54,8.17,96.47,8.32,40.54,100.42,98.97
20220408,22.9,9.61,81.86,5.33,0.05,100.24,53.43
20220409,15.1,8.59,87.11,3.97,1.07,100.28,89.36
20220410,13.19,6.98,75.31,7.07,1.48,100.82,92.03
20220411,23.01,7.28,74.58,5.03,0.0,101.76,49.12
20220412,20.56,12.25,75.83,3.16,0.59,101.52,44.65
20220413,19.87,11.73,87.39,3.66,0.1,101.39,63.9
20220414,20.05,14.12,87.9,6.54,4.94,100.8,71.81
20220415,25.77,11.66,72.98,5.55,0.39,101.8,24.25
20220416,17.46,11.04,85.25,7.58,8.03,101.24,88.24
20220417,22.34,6.89,68.19,6.16,1.29,101.98,32.26
20220418,12.26,6.69,75.78,7.94,28.68,102.19,73.42
20220419,14.76,7.82,77.68,10.26,12.01,100.65,65.1
20220420,26.97,8.64,68.16,4.9,0.0,102.61,26.88
20220421,14.45,9.5,86.43,5.02,0.0,102.95,85.14
20220422,27.19,11.95,77.34,4.7,0.04,102.66,29.05
20220423,16.78,10.13,81.43,3.41,0.13,102.61,91.23
20220424,23.46,10.14,81.24,4.73,0.0,102.28,31.95
20220425,10.33,9.84,78.46,4.92,0.0,102.18,98.61
20220426,10.67,12.09,91.62,3.4,2.58,101.57,97.93
20220427,17.55,9.55,72.11,7.51,0.45,101.32,77.88
20220428,28.75,7.21,64.67,8.98,0.0,101.56,25.71
20220429,29.01,8.41,64.11,7.03,0.0,101.75,1.51
20220430,28.72,10.0,67.46,3.57,0.04,101.84,11.31
20220501,23.82,10.66,83.53,3.0,0.05,101.84,59.7
20220502,6.58,10.81,93.63,5.11,13.32,101.64,86.29
20220503,18.54,10.74,89.52,4.4,0.03,101.93,89.18
20220504,9.61,12.29,92.73,2.29,3.73,101.38,92.28
20220505,22.5,13.74,79.17,3.64,0.02,101.63,84.12
20220506,5.12,11.31,91.45,4.1,19.7,101.22,99.69
20220507,4.37,9.47,88.24,11.66,24.6,100.88,99.79
20220508,17.84,9.91,70.74,10.24,1.85,101.7,98.62
20220509,29.22,10.77,63.52,8.63,0.0,102.18,16.35
20220510,28.41,11.62,63.99,7.9,0.05,102.47,18.13
20220511,19.38,12.73,79.26,6.03,0.23,102.3,41.31
20220512,19.64,13.47,91.79,4.23,0.24,102.39,49.82
20220513,12.08,12.7,93.91,3.88,1.08,102.29,76.36
20220514,8.88,14.4,95.92,3.1,5.79,101.66,96.39
20220515,18.14,15.83,92.14,3.82,0.41,101.02,82.36
20220516,15.94,15.6,91.54,5.92,3.25,100.42,71.89
20220517,25.42,15.75,76.74,5.36,0.02,100.74,23.2
20220518,26.91,14.36,76.18,4.29,0.37,101.29,61.38
20220519,12.12,13.8,92.85,3.83,16.8,100.73,79.61
20220520,13.9,15.19,93.83,3.17,1.67,101.24,92.45
20220521,25.96,18.6,89.8,3.27,2.28,101.51,34.37
20220522,22.71,19.79,90.42,5.24,0.88,101.49,66.24
20220523,26.42,16.96,74.05,4.34,0.61,102.03,83.35
20220524,15.5,14.93,81.31,4.39,0.06,102.42,99.02
20220525,26.8,14.16,75.02,3.95,0.0,102.69,68.74
20220526,17.35,15.15,89.06,4.63,0.33,102.28,87.82
20220527,11.31,17.41,94.86,5.76,5.91,101.2,95.51
20220528,17.62,18.87,90.31,4.1,13.3,100.68,65.19
20220529,27.36,18.4,82.52,3.12,0.06,101.6,22.5
20220530,28.04,20.1,85.88,4.44,0.09,101.73,15.85
20220531,27.61,23.24,80.72,3.6,0.57,101.31,46.21
20220601,15.65,16.74,86.82,4.8,9.73,101.2,90.4
20220602,17.46,19.23,93.84,2.29,7.09,100.55,94.93
20220603,20.95,18.69,87.44,2.58,3.5,100.71,84.11
20220604,29.47,19.0,75.79,2.88,0.01,101.03,6.57
20220605,29.92,17.72,64.96,3.38,0.0,101.46,18.17
20220606,29.14,18.93,74.77,3.49,0.0,101.62,16.75
20220607,19.12,18.93,87.44,6.93,2.76,101.57,80.67
20220608,27.36,21.35,82.67,4.11,0.75,100.99,67.78
20220609,25.33,21.22,83.47,6.33,7.25,100.34,61.77
20220610,28.26,20.05,77.31,3.21,0.07,100.94,48.67
20220611,12.79,20.63,78.44,1.84,0.74,101.17,84.67
20220612,10.44,19.65,91.98,4.4,3.58,101.32,96.47
20220613,25.25,22.1,85.9,2.89,1.91,101.15,68.65
20220614,24.14,21.69,71.28,2.66,0.32,101.2,55.74
20220615,27.75,20.54,80.0,4.34,0.06,101.75,24.88
20220616,12.6,19.95,85.07,5.8,3.29,101.79,95.86
20220617,26.79,23.17,81.84,5.48,1.81,100.49,45.21
20220618,21.82,18.83,70.67,7.83,0.27,100.55,43.56
20220619,31.36,17.4,63.47,7.06,0.09,101.29,4.0
20220620,28.53,19.12,66.39,3.89,0.0,101.79,46.7
20220621,15.92,19.97,76.71,2.75,2.87,101.8,87.8
20220622,7.9,18.18,89.65,5.91,6.93,101.54,96.0
20220623,13.33,18.96,89.27,4.1,0.69,101.33,72.06
20220624,26.24,20.52,84.03,2.89,0.11,101.52,39.35
20220625,28.78,23.25,77.22,3.26,0.04,101.74,14.0
20220626,28.5,22.58,80.02,5.25,0.02,101.71,28.15
20220627,8.98,21.88,90.99,5.04,13.94,101.32,89.72
20220628,29.32,21.29,67.5,3.25,0.0,101.91,49.24
20220629,28.42,22.05,72.49,3.84,0.05,102.12,34.0
20220630,28.69,22.99,75.47,3.83,0.03,101.99,7.61
20220701,25.57,23.79,83.07,6.37,0.15,101.54,48.05
20220702,20.71,24.35,82.71,5.99,1.25,101.13,88.75
20220703,25.89,23.64,73.58,2.4,9.33,101.49,42.73
20220704,29.06,22.89,63.33,3.36,0.01,101.91,46.68
20220705,17.5,22.79,81.65,6.9,1.58,101.43,80.34
20220706,19.15,24.9,74.92,3.79,0.04,100.92,92.76
20220707,17.06,22.43,83.47,5.0,1.41,101.4,81.59
20220708,19.43,22.7,84.56,2.98,1.36,101.45,74.08
20220709,21.16,23.32,75.61,3.01,0.46,101.51,86.05
20220710,28.35,22.23,73.28,3.95,0.0,101.63,25.7
20220711,28.75,22.62,72.96,4.65,0.0,101.25,3.35
20220712,25.27,24.06,80.51,7.07,5.25,100.74,42.66
20220713,26.21,25.37,73.57,3.48,0.6,101.01,51.85
20220714,24.57,25.49,72.71,2.38,1.0,101.28,42.31
20220715,22.95,24.05,73.33,3.71,0.17,101.86,49.58
20220716,18.47,24.05,81.43,2.53,2.25,101.72,89.2
20220717,20.66,24.43,83.84,2.84,5.44,101.5,84.44
20220718,14.55,24.99,91.57,5.79,9.62,101.08,96.76
20220719,27.36,26.53,72.51,5.02,0.09,100.7,28.26
20220720,26.47,27.15,70.79,4.63,0.17,100.65,8.73
20220721,24.67,27.28,78.03,5.49,1.67,100.39,24.64
20220722,26.36,27.75,68.19,3.87,1.21,100.98,15.87
20220723,27.72,27.74,68.52,4.26,0.4,101.41,21.68
20220724,25.39,27.37,73.44,6.2,1.47,101.39,73.05
20220725,12.72,26.65,83.24,7.16,5.05,101.04,86.2
20220726,15.7,25.05,65.92,3.54,0.23,101.35,75.01
20220727,19.56,24.78,70.49,3.6,0.63,101.19,67.22
20220728,19.77,26.07,81.82,4.85,2.99,100.9,86.83
20220729,11.71,26.03,76.53,4.13,9.09,101.09,83.9
20220730,27.27,26.0,68.23,3.25,2.43,101.49,22.91
20220731,21.36,24.59,71.2,3.39,0.38,101.91,70.52
20220801,7.92,23.53,83.41,3.09,3.68,101.26,77.73
20220802,23.86,25.88,76.72,4.36,0.38,100.87,32.8
20220803,27.08,26.01,70.02,4.31,0.01,101.35,1.89
20220804,25.23,26.55,79.15,4.7,1.14,101.59,32.89
20220805,18.03,25.99,83.6,3.58,6.06,101.86,88.17
20220806,22.91,26.26,82.64,5.32,3.4,102.1,63.89
20220807,22.58,26.77,79.82,6.57,3.02,101.93,60.91
20220808,22.74,26.99,77.89,6.81,0.7,101.44,56.96
20220809,22.45,27.55,76.72,5.34,1.22,101.16,52.12
20220810,19.29,25.5,74.57,3.24,0.11,101.46,68.9
20220811,22.89,25.48,79.05,2.88,3.75,101.04,66.86
20220812,25.26,24.94,56.89,4.2,0.07,101.35,38.5
20220813,26.65,22.71,56.8,3.97,0.01,101.71,6.05
20220814,22.18,23.06,66.18,3.55,0.02,101.63,56.45
20220815,22.65,23.47,62.11,2.95,0.1,101.42,50.62
20220816,24.06,22.87,69.45,5.26,0.19,101.46,29.57
20220817,15.66,22.98,67.49,2.97,1.71,101.37,59.68
20220818,22.89,23.8,68.15,3.63,0.53,101.15,17.34
20220819,22.96,24.78,68.22,3.93,0.03,101.62,35.28
20220820,21.47,24.86,79.98,3.5,0.43,101.94,47.54
20220821,16.24,24.01,86.28,2.93,0.94,101.79,81.08
20220822,11.68,23.54,92.09,3.87,15.4,101.11,89.7
20220823,20.5,25.27,79.35,3.04,2.06,100.83,32.92
20220824,23.09,25.51,69.62,3.51,0.4,101.29,7.63
20220825,22.73,25.78,68.63,3.5,0.3,101.51,39.85
20220826,18.47,26.17,76.51,5.02,2.38,101.2,47.76
20220827,21.43,25.41,75.74,3.15,2.37,101.42,45.02
20220828,14.39,24.29,85.36,5.43,1.81,101.88,60.06
20220829,20.22,25.3,85.11,4.17,0.54,101.76,27.36
20220830,19.85,25.64,86.87,5.28,2.58,101.04,59.67
20220831,21.02,24.99,69.07,4.83,0.87,100.77,21.86
20220901,24.07,24.47,58.54,4.85,0.0,101.24,1.26
20220902,23.73,21.39,63.79,4.45,0.0,102.2,12.99
20220903,17.94,22.95,73.86,2.86,0.01,102.24,86.23
20220904,16.77,24.51,78.6,3.54,2.86,101.82,83.27
20220905,14.08,24.52,83.49,3.6,8.0,101.71,99.43
20220906,4.28,22.89,89.93,5.57,75.12,101.42,96.61
20220907,6.93,21.62,83.45,7.35,1.87,101.33,97.24
20220908,18.13,21.58,75.02,4.64,0.18,101.16,44.0
20220909,21.44,21.39,71.61,3.98,0.0,101.65,1.14
20220910,21.02,22.1,73.94,2.99,0.03,102.16,39.5
20220911,6.13,22.18,89.05,3.03,6.59,101.79,99.86
20220912,12.98,23.56,89.78,2.87,4.81,100.89,84.9
20220913,14.69,23.98,84.46,4.47,6.15,100.61,54.8
20220914,20.45,22.22,71.93,4.32,0.01,101.27,9.61
20220915,22.12,20.45,62.14,5.02,0.03,101.9,1.81
20220916,18.64,19.69,56.2,2.09,0.0,102.06,21.48
20220917,17.81,20.6,73.02,4.16,0.0,102.21,47.44
20220918,18.06,22.81,76.87,6.1,0.04,101.66,15.97
20220919,15.26,23.39,76.45,5.33,2.17,101.12,46.6
20220920,16.96,22.38,76.01,4.27,0.16,101.05,28.57
20220921,19.43,21.56,74.28,4.19,0.02,101.14,29.29
20220922,8.02,21.11,79.42,7.6,12.9,100.3,56.18
20220923,21.08,15.17,61.5,9.35,0.01,101.18,12.9
20220924,18.84,16.04,61.57,5.46,0.0,101.37,34.36
20220925,9.77,19.37,78.24,5.73,4.57,100.56,88.54
20220926,16.45,19.49,75.98,5.69,1.4,100.5,38.67
20220927,17.09,18.75,60.65,5.45,0.0,101.0,47.45
20220928,16.28,17.43,68.93,4.46,0.05,101.82,38.28
20220929,18.18,16.74,68.83,6.06,0.01,102.51,45.98
20220930,10.63,15.94,76.75,6.2,0.22,102.32,99.36
20221001,6.16,15.72,87.91,10.52,21.53,101.38,83.35
20221002,3.68,14.81,75.13,11.45,14.16,101.57,94.27
20221003,3.55,12.59,77.9,10.83,26.76,102.04,99.79
20221004,2.37,13.68,91.05,11.23,30.75,101.27,95.66
20221005,5.16,15.31,92.63,6.26,10.43,101.09,77.85
20221006,16.97,16.99,79.53,3.22,0.05,101.3,38.58
20221007,16.51,17.89,81.16,4.65,0.09,101.33,36.76
20221008,15.84,12.85,68.56,5.09,0.9,101.94,39.05
20221009,17.28,13.01,66.6,5.35,0.0,101.98,3.89
20221010,16.17,14.6,72.18,4.29,0.0,102.13,14.28
20221011,16.3,15.42,78.74,3.4,0.01,102.43,1.29
20221012,15.53,15.68,84.67,4.35,0.02,102.11,48.31
20221013,4.38,18.05,95.57,6.1,34.13,101.06,99.83
20221014,15.23,15.67,72.66,4.76,8.96,101.06,27.32
20221015,15.84,15.38,81.38,4.08,0.07,101.47,3.48
20221016,12.02,15.05,77.72,2.89,0.04,101.21,58.49
20221017,7.69,16.22,89.27,5.1,5.45,100.38,97.12
20221018,14.65,11.7,68.02,5.94,0.81,100.35,37.15
20221019,11.62,10.34,69.22,6.43,0.0,100.96,36.99
20221020,15.19,11.66,68.53,7.3,0.0,101.46,13.5
20221021,15.16,12.77,69.23,3.6,0.0,101.88,2.99
20221022,14.76,14.17,73.6,2.45,0.0,102.31,35.92
20221023,5.05,14.43,90.13,7.09,9.2,102.23,97.44
20221024,4.22,15.5,96.17,5.69,10.28,101.87,75.28
20221025,5.55,17.3,97.13,3.5,1.58,101.63,65.81
20221026,6.89,17.34,93.63,3.29,0.51,100.85,56.9
20221027,14.17,14.7,73.04,6.94,0.02,101.84,5.48
20221028,10.89,11.06,74.68,6.75,0.0,103.07,67.72
20221029,13.94,11.59,76.93,4.68,0.0,102.9,8.68
20221030,13.03,12.53,75.93,2.82,0.02,102.23,53.61
20221031,8.43,15.04,87.6,3.24,5.24,101.64,82.21
20221101,5.18,16.62,90.31,4.01,1.71,101.54,67.2
20221102,12.73,15.76,78.42,3.53,0.0,102.36,15.45
20221103,12.69,14.72,83.87,2.36,0.02,102.7,1.93
20221104,11.21,15.99,94.22,2.57,0.14,102.54,41.75
20221105,8.77,17.48,94.17,6.11,0.12,102.23,69.43
20221106,4.69,18.0,93.85,6.75,0.4,102.13,77.36
20221107,11.77,18.16,75.94,5.98,0.43,102.13,26.0
20221108,12.59,11.24,62.1,7.8,0.0,103.15,16.83
20221109,11.88,9.22,70.77,4.32,0.0,103.45,9.3
20221110,11.57,13.69,89.16,3.91,0.08,102.62,31.1
20221111,2.39,16.68,97.34,6.29,22.68,101.33,98.31
20221112,8.35,17.83,86.73,6.49,7.3,100.19,74.67
20221113,7.75,11.3,79.01,7.23,6.52,101.08,67.86
20221114,11.88,6.46,70.69,5.53,0.0,102.51,10.26
20221115,4.85,7.05,79.49,5.33,16.32,102.68,76.92
20221116,7.55,9.55,87.45,7.44,7.13,101.13,66.75
20221117,8.99,6.05,77.24,7.96,0.05,101.36,53.15
20221118,10.01,5.5,72.46,7.52,0.11,101.88,35.0
20221119,10.86,4.0,70.01,6.47,0.0,102.08,20.65
20221120,11.0,2.85,69.25,8.97,0.0,101.99,16.44
20221121,10.33,3.27,70.96,6.44,0.0,102.78,25.27
20221122,10.25,6.73,74.22,5.17,0.0,102.49,6.97
20221123,10.11,7.82,76.17,4.93,0.0,102.24,3.75
20221124,9.07,8.33,80.09,3.85,0.0,102.54,36.15
20221125,5.49,9.8,85.69,7.05,1.81,101.24,78.42
20221126,10.07,8.25,76.01,6.35,0.01,101.49,25.79
20221127,1.46,10.61,93.15,7.11,21.51,100.44,84.8
20221128,6.3,9.7,82.05,7.03,0.13,100.58,48.29
20221129,6.64,5.17,75.65,2.8,0.06,102.29,64.1
20221130,2.45,10.48,85.36,8.79,20.58,101.24,85.18
20221201,8.46,4.44,68.93,8.13,0.0,102.34,18.17
20221202,9.44,4.57,72.03,3.87,0.0,103.14,27.57
20221203,2.1,11.17,90.49,9.65,20.34,101.93,76.11
20221204,9.4,5.44,63.98,4.17,0.0,102.13,9.23
20221205,8.53,6.16,66.14,2.97,0.0,102.35,38.72
20221206,1.61,11.33,95.25,5.96,9.87,102.4,98.36
20221207,3.98,12.54,97.26,5.43,6.24,101.96,97.39
20221208,4.99,8.98,83.52,6.14,0.0,102.12,76.81
20221209,9.44,4.74,74.69,6.96,0.0,102.37,5.17
20221210,7.71,3.47,81.53,6.59,0.25,102.64,47.3
20221211,2.24,5.26,92.08,6.67,5.53,102.12,99.93
20221212,4.81,2.51,86.36,7.05,0.89,102.03,69.62
20221213,9.3,1.55,74.37,5.74,0.0,102.3,9.31
20221214,8.92,1.82,77.34,7.5,0.0,101.97,41.0
20221215,1.28,4.74,88.95,8.43,25.13,101.81,99.76
20221216,3.19,6.67,93.99,10.6,24.79,100.1,89.11
20221217,5.77,4.39,81.03,7.67,0.01,100.62,66.44
20221218,5.59,2.38,78.76,6.61,0.01,101.31,52.28
20221219,6.23,1.68,78.37,7.99,0.0,102.24,28.23
20221220,8.73,1.72,78.54,5.97,0.0,102.8,29.01
20221221,8.59,1.97,70.24,2.62,0.0,103.05,51.98
20221222,2.38,7.21,87.61,7.75,22.64,102.15,99.98
20221223,2.66,3.65,89.17,13.73,19.19,99.35,81.5
20221224,6.11,-8.32,95.34,10.61,0.28,100.95,42.88
20221225,8.57,-3.88,84.44,8.62,0.01,101.35,13.8
20221226,8.57,-2.43,78.88,5.83,0.0,102.21,51.83
20221227,5.57,0.62,73.24,4.91,0.0,102.46,91.02
20221228,8.07,3.82,79.2,4.75,0.0,102.53,62.85
20221229,8.23,4.42,94.88,4.85,0.0,102.5,60.27
20221230,8.03,5.51,97.2,4.66,0.05,102.38,40.55
20221231,2.71,8.0,99.07,4.18,22.34,101.45,99.85
20230101,8.62,7.42,90.12,4.65,2.88,101.19,35.02
20230102,5.21,7.26,91.79,2.84,0.33,101.89,95.1
20230103,2.59,9.01,98.08,5.24,5.81,101.32,99.71
20230104,5.59,10.37,97.14,4.28,8.91,100.9,93.76
20230105,4.17,8.46,96.42,3.66,0.54,101.24,93.35
20230106,4.13,6.28,89.52,4.33,6.52,101.47,78.42
20230107,5.42,4.41,83.45,5.86,0.04,102.02,73.59
20230108,7.21,2.44,74.69,4.13,0.01,102.38,61.89
20230109,8.82,4.0,83.48,4.84,1.31,101.36,41.27
20230110,4.2,3.52,79.72,4.39,0.02,101.64,82.56
20230111,6.05,2.81,74.57,4.33,0.0,102.23,92.03
20230112,3.17,7.59,92.91,6.39,2.59,101.55,99.44
20230113,3.62,8.18,88.36,8.62,4.97,100.11,99.4
20230114,4.83,1.54,80.27,9.8,0.41,100.79,87.8
20230115,10.09,1.09,76.52,10.31,0.05,101.42,19.84
20230116,10.21,1.88,72.35,7.63,0.1,101.07,15.42
20230117,3.39,3.49,81.12,3.86,1.46,100.55,80.48
20230118,7.98,6.07,88.88,5.91,0.08,100.87,58.03
20230119,3.56,4.98,93.83,4.04,38.52,101.07,97.98
20230120,4.62,5.11,87.78,6.78,0.32,100.51,75.76
20230121,4.14,3.23,77.89,4.73,0.13,101.9,90.8
20230122,3.3,4.07,80.82,2.67,27.52,101.72,99.9
20230123,3.48,3.34,89.77,8.0,13.32,100.35,98.77
20230124,10.0,3.25,79.74,6.71,0.03,101.98,65.29
20230125,2.42,4.86,81.88,6.08,31.43,101.72,99.68
20230126,5.36,6.22,82.25,8.91,7.45,100.32,70.55
20230127,8.0,3.12,77.6,5.03,0.03,101.81,38.89
20230128,9.48,5.2,82.44,5.86,0.0,102.31,74.79
20230129,3.71,6.18,94.23,5.31,0.03,102.18,89.68
20230130,8.21,6.35,90.95,3.08,0.01,101.93,68.12
20230131,5.89,3.25,80.59,5.15,1.23,102.09,97.83
20230201,10.81,0.55,74.75,4.6,0.41,102.27,61.33
20230202,12.2,1.45,65.25,4.6,0.0,101.83,72.09
20230203,11.3,-3.5,74.26,11.88,0.01,101.66,49.39
20230204,11.6,-7.2,82.44,6.94,0.0,103.34,28.35
20230205,8.74,3.46,80.26,7.33,0.0,102.09,97.73
20230206,8.62,4.48,88.29,6.62,0.06,101.55,50.27
20230207,8.38,2.24,79.62,4.98,0.68,102.41,72.59
20230208,13.31,5.36,84.2,4.48,0.1,102.18,36.65
20230209,3.1,6.75,88.46,4.78,0.33,101.95,85.27
20230210,13.41,9.19,83.62,7.29,0.0,101.18,35.85
20230211,14.32,4.35,67.13,5.06,0.0,102.32,35.98
20230212,6.55,4.82,78.83,3.57,1.37,101.6,99.34
20230213,13.67,6.19,79.51,6.91,0.7,100.16,41.03
20230214,14.66,6.33,73.45,5.02,0.0,101.58,24.86
20230215,12.66,8.84,87.9,6.81,0.0,101.6,57.66
20230216,6.06,10.19,92.5,3.96,4.25,101.36,89.22
20230217,2.7,8.11,89.0,8.93,7.82,100.49,95.47
20230218,15.56,1.62,70.71,6.34,0.0,102.47,36.08
20230219,9.94,5.0,88.18,5.69,0.05,102.3,80.08
20230220,9.54,8.16,90.07,3.95,0.53,100.57,81.22
20230221,6.15,5.18,88.41,4.93,8.69,100.37,70.36
20230222,4.02,4.3,75.41,3.89,1.63,101.71,82.06
20230223,6.28,5.16,93.91,3.91,1.02,101.14,91.26
20230224,14.29,3.62,76.44,8.26,0.17,102.25,40.72
20230225,6.73,-1.41,75.54,3.33,0.11,102.76,71.98
20230226,9.83,3.35,81.8,5.55,0.06,101.21,41.92
20230227,14.7,2.73,74.04,5.49,5.43,101.2,58.9
20230228,3.63,3.0,93.62,6.59,9.12,100.62,75.95
20230301,11.71,3.91,84.83,4.48,0.05,101.74,70.09
20230302,8.27,6.63,89.19,4.67,1.14,100.57,96.69
20230303,9.42,4.3,76.1,6.05,9.62,101.37,86.7
20230304,6.32,6.34,89.88,7.89,21.78,100.05,84.28
20230305,13.74,5.32,79.52,5.33,0.04,101.86,43.23
20230306,14.59,5.46,75.23,5.19,0.08,101.74,51.36
20230307,17.53,3.61,69.53,8.74,2.29,101.0,58.19
20230308,17.53,2.69,75.86,9.41,0.0,101.89,38.89
20230309,18.52,4.04,79.43,6.59,0.01,102.01,12.01
20230310,7.01,4.35,88.28,3.98,7.76,101.28,91.23
20230311,7.47,4.68,87.83,6.76,7.51,100.63,95.68
20230312,11.91,3.59,77.77,4.31,0.03,101.48,70.69
20230313,5.22,4.96,93.17,6.94,22.79,100.93,99.89
20230314,8.12,2.5,82.97,12.97,4.7,99.96,96.66
20230315,18.14,2.87,75.6,11.34,0.04,100.93,46.92
20230316,16.35,5.07,71.44,5.23,0.0,101.52,49.06
20230317,11.22,7.44,90.1,4.66,0.1,100.51,95.76
20230318,18.9,6.49,74.63,5.93,0.51,100.58,58.34
20230319,19.64,1.32,65.84,7.96,0.01,101.62,21.86
20230320,21.51,3.65,69.02,4.77,0.0,102.43,2.06
20230321,21.13,6.33,77.03,4.93,0.0,102.68,21.87
20230322,15.82,7.14,89.43,4.9,0.16,102.52,82.39
20230323,6.08,9.31,96.09,4.76,7.29,101.16,99.22
20230324,9.58,7.56,74.16,3.29,0.35,101.35,97.04
20230325,2.06,6.69,92.97,6.53,8.16,101.11,98.87
20230326,22.53,8.72,77.73,4.99,0.04,101.14,16.54
20230327,14.09,7.12,84.15,4.91,6.63,101.45,55.82
20230328,10.04,6.81,81.56,3.15,0.59,101.68,88.53
20230329,21.86,6.33,73.92,4.7,0.08,101.83,43.05
20230330,24.35,3.65,61.08,6.18,0.1,102.41,10.22
20230331,12.17,6.84,82.6,4.75,0.32,102.11,78.03
20230401,13.15,11.61,90.11,8.08,15.41,99.87,81.7
20230402,24.2,6.52,66.2,7.6,0.05,101.21,28.9
20230403,21.12,7.52,75.87,5.98,0.0,101.82,35.76
20230404,18.96,11.13,93.31,4.58,0.11,101.61,36.04
20230405,6.58,9.56,96.69,4.12,0.97,102.05,97.38
20230406,14.41,12.9,93.62,3.91,2.13,101.85,92.24
20230407,9.25,9.53,69.7,5.1,0.56,102.56,99.5
20230408,19.77,5.81,61.42,4.22,0.0,103.07,92.4
20230409,24.65,6.64,72.51,3.89,0.0,103.15,14.28
20230410,24.66,8.67,76.26,4.48,0.0,102.86,1.46
20230411,19.89,11.57,75.38,6.05,0.0,101.83,60.4
20230412,23.01,15.53,72.33,5.26,0.0,101.0,38.47
20230413,24.33,16.83,77.18,4.92,0.0,100.99,0.81
20230414,21.78,16.55,83.82,4.7,0.04,101.05,56.34
20230415,12.83,13.41,96.28,4.02,12.23,101.11,90.1
20230416,10.08,13.27,92.66,2.39,0.5,100.85,97.21
20230417,15.44,12.94,83.39,4.59,2.33,100.18,82.39
20230418,16.93,10.74,69.62,6.67,0.01,100.74,62.73
20230419,23.23,10.16,68.45,4.15,0.0,101.66,46.24
20230420,23.95,9.78,73.54,3.74,0.09,102.12,50.22
20230421,23.16,11.43,90.25,5.14,0.21,101.67,33.03
20230422,17.98,12.42,94.48,5.58,0.8,101.22,93.8
20230423,19.28,13.43,83.26,5.87,40.94,100.88,63.76
20230424,22.82,10.65,75.83,3.44,0.06,101.59,31.55
20230425,19.78,10.68,73.34,2.65,0.07,101.99,40.27
20230426,17.22,10.48,84.49,3.91,0.48,102.18,70.24
20230427,11.13,10.54,87.3,3.27,13.12,102.14,95.19
20230428,5.28,10.17,89.34,7.24,13.95,101.89,99.81
20230429,7.01,10.82,93.77,9.3,41.42,101.0,98.23
20230430,2.56,11.81,96.63,7.0,39.05,99.58,99.61
20230501,19.62,11.81,77.8,7.25,1.25,99.25,80.77
20230502,14.42,10.38,78.86,6.34,1.36,99.54,94.1
20230503,13.52,9.88,79.12,3.68,1.59,99.87,98.68
20230504,10.69,10.27,84.65,3.28,1.65,101.04,94.81
20230505,18.91,11.61,84.12,2.72,0.27,102.08,48.45
20230506,26.8,14.15,76.74,2.86,0.0,102.13,18.05
20230507,23.79,14.69,81.36,4.02,0.39,101.37,60.6
20230508,26.09,16.35,78.59,3.93,0.67,100.74,62.91
20230509,19.84,13.81,71.98,3.65,0.0,101.37,59.4
20230510,27.25,14.15,78.14,3.03,0.0,101.92,2.46
20230511,25.74,16.05,78.41,4.52,0.0,101.81,17.88
20230512,23.16,18.32,77.28,4.68,0.0,101.63,61.49
20230513,11.58,18.35,80.08,4.12,0.02,101.5,91.03
20230514,28.0,15.67,71.03,3.81,0.0,102.05,71.74
20230515,29.3,15.1,72.54,4.62,0.0,102.01,14.41
20230516,23.95,16.68,77.51,5.76,0.0,100.56,53.26
20230517,30.34,13.86,65.89,6.63,0.01,100.81,17.91
20230518,28.92,10.98,65.67,4.8,0.0,102.47,7.46
20230519,21.39,13.76,86.13,5.46,0.04,102.51,67.32
20230520,7.88,14.96,96.8,5.37,32.53,101.55,85.67
20230521,21.01,16.11,80.29,4.59,0.29,101.26,62.68
20230522,23.32,15.53,82.78,4.3,0.0,102.02,11.11
20230523,23.68,13.99,80.63,4.13,0.01,102.47,41.51
20230524,23.59,14.81,71.03,3.28,0.75,101.63,32.41
20230525,30.65,14.43,70.3,4.49,0.02,101.87,25.2
20230526,30.19,15.75,67.36,2.34,0.0,102.31,4.45
20230527,28.69,15.73,75.35,3.41,0.0,102.45,45.67
20230528,26.04,16.4,73.79,2.52,0.0,101.87,66.39
20230529,26.42,16.76,76.68,5.38,0.0,101.61,23.55
20230530,30.77,14.44,76.96,5.34,0.0,102.11,2.35
20230531,30.55,15.03,82.07,2.76,0.02,102.08,4.28
20230601,29.52,17.57,85.79,2.19,0.02,101.74,1.05
20230602,27.11,19.35,83.4,1.97,0.27,101.17,30.92
20230603,11.25,16.81,83.32,6.5,0.33,101.37,87.17
20230604,24.37,14.63,71.61,4.21,0.33,101.48,55.64
20230605,23.24,17.18,68.88,3.52,0.03,101.0,40.06
20230606,20.46,17.77,74.11,4.25,0.54,100.33,40.37
20230607,21.87,16.78,72.22,3.83,0.01,100.25,18.95
20230608,21.46,16.55,71.84,1.98,0.1,100.48,49.05
20230609,22.21,17.07,76.71,2.4,1.18,100.57,81.92
20230610,25.19,18.34,75.01,3.21,0.28,100.76,49.62
20230611,20.35,19.17,84.33,4.15,0.13,101.01,88.92
20230612,16.24,19.14,91.59,6.64,9.77,100.59,93.53
20230613,28.05,19.49,74.12,4.85,0.02,100.38,37.2
20230614,15.5,18.94,83.0,5.64,3.24,100.04,51.8
20230615,22.84,19.5,75.32,4.69,0.06,100.25,39.6
20230616,11.86,18.97,84.33,3.45,5.67,100.45,75.98
20230617,23.52,19.5,74.33,5.25,0.55,100.36,52.75
20230618,24.55,20.67,70.77,3.14,0.06,100.94,28.45
20230619,24.71,19.9,83.61,3.66,0.15,101.6,48.01
20230620,19.83,18.52,85.09,5.44,0.13,102.07,94.63
20230621,17.19,17.87,77.88,7.74,0.2,102.23,99.44
20230622,10.72,17.47,84.91,7.25,2.04,101.94,94.45
20230623,8.21,18.98,92.41,4.19,1.0,101.49,96.7
20230624,15.42,21.01,93.15,4.64,12.43,100.95,88.45
20230625,18.68,21.82,89.89,3.1,4.25,100.83,51.57
20230626,12.52,21.03,96.24,4.43,15.08,100.64,95.54
20230627,14.23,20.98,94.67,4.88,6.14,100.46,92.97
20230628,20.16,21.86,87.82,2.54,3.5,100.84,72.16
20230629,23.52,21.66,79.75,3.18,0.05,101.47,24.16
20230630,21.53,22.03,85.52,3.2,0.07,101.62,28.89
20230701,20.26,21.68,88.38,3.84,0.26,101.55,78.31
20230702,18.46,23.39,91.33,5.38,4.07,100.98,88.86
20230703,21.87,24.91,87.23,3.91,6.17,100.9,66.6
20230704,18.65,24.99,86.02,2.11,6.24,101.1,64.28
20230705,26.96,25.18,82.78,2.69,0.86,101.35,10.38
20230706,27.19,24.78,87.62,3.43,0.79,101.23,13.6
20230707,17.97,24.74,88.77,2.55,2.38,101.0,77.84
20230708,17.5,24.79,88.48,2.53,4.03,100.93,77.89
20230709,8.86,24.32,91.05,3.57,22.17,100.86,97.64
20230710,21.3,25.16,81.0,3.61,29.34,100.67,58.35
20230711,27.57,25.19,72.24,3.52,0.0,101.08,3.05
20230712,25.24,25.94,75.87,3.99,0.11,101.18,28.02
20230713,22.32,25.81,86.03,5.85,1.36,101.01,57.07
20230714,18.68,25.38,88.93,4.09,10.13,101.12,86.92
20230715,19.74,25.55,88.86,3.63,6.6,101.22,68.97
20230716,7.28,24.79,95.68,4.59,30.41,100.91,81.08
20230717,21.1,25.43,87.01,3.02,0.12,101.19,27.91
20230718,18.56,25.28,90.52,3.86,4.75,101.3,39.22
20230719,13.2,23.97,87.69,2.4,11.51,101.49,64.11
20230720,22.55,24.67,78.54,3.06,0.82,101.32,42.0
20230721,22.9,24.9,86.74,4.12,6.13,100.65,53.41
20230722,26.04,24.15,72.89,3.71,0.03,100.79,35.42
20230723,25.61,24.78,72.2,3.03,0.23,101.31,15.49
20230724,20.9,24.45,83.42,4.14,2.75,101.76,48.62
20230725,16.41,24.63,86.94,2.96,16.67,101.67,47.1
20230726,25.46,24.45,80.82,3.86,0.32,101.69,25.33
20230727,20.3,26.21,87.44,6.27,3.91,101.25,74.97
20230728,26.81,26.75,81.68,3.18,0.97,101.33,31.62
20230729,21.56,26.25,84.49,5.3,7.27,100.72,71.55
20230730,26.06,22.32,68.03,4.6,0.19,101.19,27.5
20230731,23.67,23.51,68.69,2.56,0.06,101.37,32.73
20230801,24.74,22.72,64.65,3.38,0.03,101.84,33.04
20230802,26.02,21.75,62.05,3.39,0.0,102.1,15.98
20230803,15.97,22.35,69.76,5.46,0.03,101.79,58.46
20230804,9.54,22.6,83.59,5.69,1.32,101.32,91.81
20230805,19.77,23.84,75.97,2.26,0.58,101.29,80.18
20230806,23.68,23.68,77.13,3.73,0.06,101.44,40.61
20230807,11.14,24.06,92.03,6.3,12.44,101.0,93.45
20230808,14.86,24.14,79.25,6.51,6.61,100.26,78.78
20230809,25.27,23.93,70.43,5.65,0.03,100.59,11.49
20230810,7.04,22.91,89.29,4.44,28.03,100.43,72.09
20230811,23.84,23.59,78.03,3.56,0.02,100.7,14.74
20230812,18.74,24.08,84.55,4.28,5.37,101.08,65.37
20230813,23.79,25.27,81.81,4.14,2.66,101.02,37.62
20230814,17.39,24.43,80.26,2.9,1.91,101.23,91.67
20230815,15.14,24.63,89.31,2.97,16.0,100.63,85.87
20230816,18.9,23.37,89.32,3.08,13.69,101.13,57.57
20230817,16.92,23.29,92.93,3.74,2.02,101.18,69.13
20230818,21.85,23.85,78.7,5.53,6.26,100.64,48.11
20230819,24.42,21.38,71.04,4.61,0.01,101.41,15.71
20230820,23.2,22.81,75.17,3.91,0.01,101.72,14.66
20230821,16.97,24.59,75.87,3.02,0.13,101.54,86.11
20230822,23.2,22.27,69.21,5.5,0.0,101.65,67.37
20230823,19.85,21.09,67.49,4.09,0.0,101.81,64.86
20230824,4.61,21.58,80.39,4.19,3.53,101.6,98.11
20230825,9.73,23.22,90.88,6.56,8.76,101.02,71.88
20230826,18.75,24.46,81.89,2.36,1.58,100.85,38.67
20230827,21.81,23.27,79.64,3.32,0.14,101.17,26.13
20230828,11.08,21.77,88.64,4.01,0.37,101.54,95.68
20230829,11.99,22.36,86.37,3.38,0.82,101.2,91.4
20230830,18.19,23.59,80.64,3.73,1.58,100.57,83.36
20230831,23.76,20.88,68.01,6.16,0.01,101.3,36.64
20230901,24.25,19.43,65.67,4.4,0.0,102.28,0.5
20230902,22.95,20.68,73.81,4.22,0.09,102.0,31.04
20230903,22.14,23.94,74.86,3.25,1.36,101.24,17.94
20230904,18.44,25.5,75.03,1.56,1.26,100.98,43.92
20230905,19.23,26.3,76.33,1.77,1.28,101.11,67.55
20230906,21.6,27.0,73.17,2.21,0.41,100.87,4.05
20230907,18.99,26.52,78.65,2.77,2.14,100.83,43.86
20230908,15.1,25.51,90.21,3.79,6.35,101.26,60.9
20230909,12.5,24.68,89.65,2.23,7.11,101.69,88.12
20230910,8.59,23.71,83.05,2.45,6.4,101.74,96.87
20230911,14.11,24.31,80.66,1.76,37.85,101.41,71.05
20230912,19.93,23.68,82.3,2.69,0.39,101.37,38.25
20230913,12.55,24.08,83.62,3.14,8.11,101.16,63.86
20230914,21.5,21.6,69.41,5.52,0.18,101.54,24.7
20230915,20.89,18.69,71.95,7.78,0.0,101.55,13.54
20230916,19.47,19.46,68.57,6.17,0.0,101.13,49.62
20230917,15.81,19.72,75.13,3.37,1.19,101.25,54.26
20230918,4.71,20.16,90.52,4.35,48.02,100.66,71.06
20230919,18.69,19.08,75.21,5.46,0.01,101.29,14.87
20230920,19.13,19.07,71.55,2.88,0.0,101.91,33.1
20230921,19.56,18.23,72.09,3.32,0.02,102.3,50.35
20230922,13.36,18.69,72.56,7.14,0.0,102.52,98.14
20230923,4.53,17.41,89.34,11.62,36.27,101.8,96.9
20230924,4.05,18.59,93.17,9.78,12.69,101.33,98.29
20230925,4.6,17.78,91.93,8.2,18.23,101.6,99.28
20230926,5.1,16.52,84.59,8.19,2.11,102.46,91.01
20230927,17.28,15.92,78.35,6.51,0.02,102.49,50.91
20230928,6.01,16.65,89.23,6.9,70.49,102.24,86.38
20230929,5.54,17.35,93.1,7.72,43.36,101.85,92.02
20230930,9.17,16.99,90.68,6.16,2.58,101.95,81.34
20231001,17.42,18.41,86.98,4.46,0.04,101.96,1.28
20231002,16.35,19.08,84.88,3.39,0.01,102.03,10.2
20231003,17.63,19.38,84.49,2.33,0.04,101.97,3.36
20231004,17.39,19.86,90.07,2.57,0.05,102.05,5.05
20231005,15.7,18.97,94.57,3.39,0.28,102.1,51.33
20231006,8.06,19.59,96.11,4.82,3.52,101.45,98.51
20231007,4.73,17.81,91.78,6.11,10.6,100.48,68.85
20231008,10.17,14.11,75.44,7.48,0.02,100.4,65.03
20231009,14.33,13.74,69.04,6.01,0.04,100.77,55.85
20231010,11.44,15.41,75.55,3.98,0.12,100.87,49.25
20231011,16.08,16.8,76.38,2.03,0.04,101.0,41.08
20231012,15.2,16.32,78.36,2.18,0.0,101.06,14.8
20231013,16.43,14.34,71.3,4.58,0.0,101.29,32.45
20231014,3.04,12.65,83.63,4.23,13.71,100.69,97.32
20231015,11.6,13.17,78.96,7.45,0.83,99.85,67.3
20231016,12.08,13.18,81.01,4.81,0.76,100.27,46.43
20231017,10.63,14.0,76.72,3.03,0.42,101.19,55.08
20231018,9.32,14.93,76.65,2.05,0.16,101.89,73.1
20231019,12.19,15.02,79.04,4.25,0.05,101.8,53.97
20231020,6.75,16.84,94.54,5.17,26.74,100.41,97.45
20231021,5.95,15.31,86.95,6.6,7.81,99.23,83.16
20231022,11.46,12.34,74.4,8.41,0.06,100.38,63.07
20231023,14.87,12.12,75.12,5.5,0.0,101.87,14.61
20231024,13.52,13.84,76.63,3.37,0.0,102.59,9.55
20231025,12.86,15.23,86.76,5.06,0.0,102.39,40.46
20231026,13.25,16.38,85.57,3.93,0.0,102.17,43.76
20231027,6.87,17.27,89.28,4.19,0.0,101.76,68.5
20231028,11.87,18.8,86.38,4.78,0.04,101.5,28.8
20231029,3.62,14.72,87.71,5.79,8.41,101.66,98.38
20231030,4.53,15.05,89.07,4.99,8.03,100.83,95.75
20231031,8.94,9.97,75.96,4.66,1.15,101.58,90.84
20231101,9.91,8.05,77.23,6.19,3.83,101.69,58.87
20231102,13.25,6.91,66.57,3.9,0.0,102.99,12.31
20231103,12.61,9.92,68.47,5.15,0.0,102.88,17.1
20231104,6.92,11.3,80.26,3.57,0.07,102.14,96.79
20231105,10.25,12.56,80.72,3.18,0.15,101.6,34.64
20231106,10.75,10.67,76.34,3.74,0.04,101.79,74.81
20231107,5.25,14.33,88.4,5.83,0.99,100.81,64.01
20231108,11.51,8.38,65.96,5.68,0.0,101.67,44.21
20231109,4.83,12.32,81.88,3.89,0.17,101.16,71.21
20231110,2.69,10.0,80.18,5.13,0.29,101.83,65.0
20231111,11.38,9.12,76.43,5.0,0.0,102.51,23.68
20231112,9.96,5.87,74.04,4.55,0.0,102.99,25.22
20231113,10.24,6.5,71.99,3.76,0.0,102.44,21.15
20231114,10.68,8.43,80.02,6.65,0.01,102.38,14.58
20231115,9.08,8.45,77.77,3.89,0.0,102.73,62.28
20231116,10.79,10.94,84.99,4.4,0.01,102.24,19.85
20231117,7.62,13.03,94.07,5.03,0.18,101.49,74.55
20231118,10.32,10.55,80.19,6.61,2.45,100.71,35.77
20231119,10.78,8.54,71.46,5.58,0.0,101.29,3.83
20231120,10.74,5.67,68.13,5.57,0.0,102.64,44.32
20231121,3.11,7.42,79.13,8.69,17.63,102.69,95.21
20231122,5.06,12.06,90.84,7.26,39.88,100.46,81.79
20231123,9.94,8.78,79.77,6.21,0.01,101.04,33.53
20231124,7.91,6.76,73.37,6.28,0.0,101.95,66.83
20231125,8.58,2.94,65.15,3.43,0.0,102.75,39.49
20231126,3.72,8.69,79.23,6.54,13.29,101.76,99.08
20231127,6.59,7.97,81.19,7.75,0.15,100.61,42.7
20231128,7.03,2.61,70.02,9.19,0.06,101.15,37.16
20231129,9.01,1.83,72.89,6.5,0.0,101.83,49.65
20231130,9.41,6.24,73.02,6.24,0.0,101.94,38.44
20231201,3.85,8.2,92.5,4.64,7.2,101.9,83.38
20231202,5.23,9.66,93.88,2.61,0.45,101.52,98.66
20231203,1.64,10.05,96.45,5.43,19.77,100.76,97.13
20231204,6.58,8.6,85.14,5.93,0.08,100.76,62.11
20231205,4.95,5.24,74.31,4.04,0.01,101.51,64.15
20231206,5.08,3.81,76.69,5.85,0.35,101.46,84.27
20231207,2.18,3.16,81.66,5.66,0.13,101.62,87.76
20231208,7.6,6.39,78.43,3.37,0.0,102.06,42.18
20231209,7.21,9.59,96.94,3.69,0.12,102.05,62.52
20231210,2.21,11.82,97.55,7.69,30.25,101.05,95.64
20231211,4.72,5.83,82.63,9.11,31.0,100.92,83.14
20231212,9.35,4.14,75.0,6.23,0.0,102.78,13.22
20231213,8.9,4.52,78.7,6.33,0.0,103.08,6.12
20231214,7.97,2.86,70.11,4.99,0.0,103.53,33.38
20231215,8.67,6.2,82.95,6.26,0.0,102.73,5.55
20231216,7.86,7.34,85.48,5.02,0.0,103.01,57.09
20231217,2.0,10.31,93.91,7.77,24.06,101.98,99.99
20231218,1.78,11.46,87.64,12.12,54.55,99.16,74.43
20231219,5.89,3.89,78.94,7.53,0.01,101.46,61.43
20231220,8.0,2.83,78.31,6.25,0.0,102.66,23.89
20231221,8.47,2.61,76.21,6.64,0.0,102.88,29.73
20231222,7.37,1.1,62.8,3.19,0.0,103.04,68.6
20231223,4.67,5.05,70.32,2.67,0.01,103.03,97.82
20231224,3.47,7.22,89.15,2.27,0.18,102.83,98.84
20231225,4.93,7.66,96.01,2.36,0.06,102.82,85.31
20231226,3.85,7.13,95.96,2.08,0.3,102.44,97.43
20231227,2.71,7.84,97.33,4.45,30.02,101.58,100.0
20231228,4.63,9.68,96.21,4.97,27.96,100.39,71.8
20231229,6.8,8.79,92.3,3.48,1.04,100.35,63.49
20231230,3.89,5.47,88.04,6.38,0.15,100.4,77.01
20231231,3.07,4.55,73.84,4.62,0.04,101.4,93.65
20240101,4.35,4.98,81.54,3.23,0.04,101.57,82.08
20240102,9.11,2.2,77.8,4.98,0.0,101.72,6.26
20240103,7.06,3.46,78.21,3.76,0.0,101.53,71.04
20240104,5.54,3.29,75.73,6.12,0.01,101.52,63.88
20240105,9.64,0.51,73.77,5.5,0.0,102.35,29.75
20240106,1.68,3.13,81.29,6.42,30.07,101.57,92.79
20240107,4.79,3.27,92.59,7.89,7.85,100.38,68.32
20240108,8.67,3.22,74.24,4.97,0.0,102.55,20.06
20240109,1.82,7.38,82.64,9.98,44.35,101.52,97.29
20240110,4.89,8.33,80.51,10.85,24.69,99.29,89.1
20240111,9.28,5.13,80.07,6.38,0.01,101.03,51.93
20240112,9.07,5.8,84.64,6.16,3.03,101.62,45.7
20240113,3.83,8.09,83.39,10.3,24.63,99.55,85.31
20240114,4.75,1.74,71.82,9.94,0.04,101.26,39.16
20240115,4.39,-1.24,74.96,3.47,2.04,102.23,95.58
20240116,1.85,0.08,90.19,6.6,5.03,101.0,88.38
20240117,9.25,-4.06,82.55,8.61,0.0,101.54,32.15
20240118,4.99,-0.67,71.3,6.0,0.01,101.91,93.98
20240119,6.24,-0.43,82.19,5.86,3.37,100.94,98.36
20240120,8.12,-4.52,83.48,8.95,0.1,101.5,62.02
20240121,10.28,-3.09,81.15,8.39,0.02,102.65,30.82
20240122,8.41,-0.53,79.02,5.55,0.0,103.24,50.09
20240123,4.58,2.08,83.8,3.86,0.23,103.16,88.14
20240124,2.29,4.64,94.92,4.03,6.48,102.94,99.84
20240125,3.18,5.92,96.16,4.0,10.26,101.96,99.87
20240126,5.33,5.81,97.94,3.72,8.59,101.63,88.42
20240127,5.28,4.22,93.57,3.08,0.51,102.04,88.65
20240128,2.33,3.3,94.93,7.99,28.5,100.78,93.82
20240129,4.21,2.5,86.88,7.68,2.07,100.95,98.6
20240130,3.86,1.77,80.52,4.11,0.21,102.08,99.55
20240131,4.05,2.76,78.19,3.02,0.11,101.9,96.8
20240201,5.4,4.19,87.78,3.8,1.57,101.45,89.93
20240202,4.06,4.4,92.73,4.31,5.7,101.1,95.57
20240203,8.98,1.86,79.16,6.72,0.0,101.6,64.81
20240204,12.7,2.27,75.47,4.93,0.0,101.4,2.13
20240205,12.88,1.87,72.65,6.15,0.0,101.3,3.51
20240206,13.07,1.49,75.82,5.98,0.0,102.0,5.69
20240207,12.47,3.37,78.43,3.47,0.0,102.41,25.22
20240208,11.19,4.71,82.16,2.37,0.02,102.41,68.39
20240209,12.01,5.96,94.66,4.62,0.04,101.78,59.79
20240210,5.27,6.72,95.49,3.86,0.08,101.02,99.84
20240211,4.8,6.04,86.34,3.31,0.0,101.15,99.07
20240212,9.72,4.01,81.32,2.83,1.2,101.09,96.33
20240213,4.52,2.13,91.49,8.67,21.71,100.17,82.2
20240214,14.95,0.1,75.91,9.44,0.01,101.58,24.36
20240215,11.1,0.46,75.29,5.83,0.14,101.7,51.12
20240216,15.06,2.64,69.77,7.72,0.17,101.12,43.34
20240217,6.3,0.6,81.1,5.58,5.72,100.84,71.37
20240218,13.68,0.6,73.72,7.88,0.0,101.15,27.31
20240219,15.25,1.46,69.9,5.51,0.0,102.03,15.66
20240220,14.85,-0.45,66.31,4.44,0.0,103.05,15.15
20240221,9.89,1.95,75.5,3.87,0.02,102.81,64.36
20240222,10.86,3.16,83.07,3.77,2.37,101.42,71.67
20240223,5.65,4.94,95.5,3.55,4.68,99.82,99.71
20240224,12.44,2.49,78.45,6.67,0.49,100.55,47.49
20240225,16.09,-0.65,69.58,4.42,0.0,101.89,29.02
20240226,13.08,4.74,90.73,4.89,0.05,101.65,75.01
20240227,12.03,6.52,95.81,6.46,10.04,101.41,77.33
20240228,3.0,8.81,94.04,10.42,16.33,100.45,98.41
20240229,16.19,1.59,65.13,8.4,0.02,102.39,24.16
20240301,16.9,2.49,64.77,3.96,0.0,103.44,37.57
20240302,3.87,7.16,95.6,5.98,55.59,102.35,72.48
20240303,17.17,9.77,86.57,3.56,0.05,102.0,27.64
20240304,11.08,7.18,96.47,4.2,0.69,102.6,78.03
20240305,3.82,6.68,97.0,5.79,14.46,101.87,91.72
20240306,4.06,7.49,94.08,2.78,55.95,101.33,99.82
20240307,8.28,7.83,92.11,6.25,6.86,101.03,86.69
20240308,17.82,5.68,82.35,4.8,0.0,102.35,57.41
20240309,3.74,5.73,90.05,8.34,32.35,101.51,98.93
20240310,8.48,6.18,83.58,8.99,2.23,99.58,86.44
20240311,19.54,4.48,72.49,11.32,0.01,100.5,33.17
20240312,18.82,7.98,78.23,5.64,0.0,100.98,33.18
20240313,15.58,8.38,82.4,3.46,0.01,101.21,45.14
20240314,18.41,8.86,91.26,3.5,0.02,101.47,35.98
20240315,12.12,10.7,88.65,5.58,1.18,100.57,95.95
20240316,19.39,8.58,86.57,4.03,0.02,100.82,20.5
20240317,17.19,9.56,81.13,6.03,0.17,100.19,74.98
20240318,16.59,6.02,71.19,6.03,0.14,100.56,77.85
20240319,17.32,4.16,71.79,7.03,0.02,100.72,62.57
20240320,9.08,6.83,79.06,7.82,0.45,100.43,73.15
20240321,22.4,1.93,65.12,8.28,0.0,101.91,6.69
20240322,14.79,1.94,65.25,3.93,0.05,102.66,50.37
20240323,2.57,6.57,91.17,8.7,84.82,101.01,88.38
20240324,22.64,2.9,70.93,8.62,0.0,102.26,1.72
20240325,22.41,4.61,76.09,7.29,0.0,102.75,4.36
20240326,15.38,4.85,87.3,5.16,1.45,102.06,73.94
20240327,4.41,6.81,90.88,1.66,1.97,101.75,98.68
20240328,3.75,7.42,94.06,4.63,31.43,101.18,99.96
20240329,22.66,6.46,72.71,9.03,0.62,100.7,30.47
20240330,19.78,6.86,77.01,6.38,1.38,100.83,57.73
20240331,18.54,8.68,80.59,3.84,0.2,101.1,69.18
20240401,4.59,8.35,88.02,2.2,8.98,101.33,97.83
20240402,3.29,7.0,94.0,6.17,35.3,101.14,99.84
20240403,2.93,5.98,93.29,12.9,31.16,100.05,99.69
20240404,13.96,5.55,85.3,5.82,7.49,99.48,91.33
20240405,15.1,5.73,77.43,6.49,0.21,100.29,85.61
20240406,13.96,6.45,79.1,7.11,0.07,100.84,87.51
20240407,22.55,7.28,76.06,4.04,0.01,101.63,31.41
20240408,22.28,8.77,78.82,3.28,0.04,101.91,45.7
20240409,22.06,11.71,80.77,2.72,0.04,101.61,67.61
20240410,13.3,8.93,95.78,4.16,0.19,101.57,93.4
20240411,9.71,9.88,96.32,5.98,3.57,101.14,99.39
20240412,9.86,12.17,89.43,9.73,21.97,99.66,91.41
20240413,10.75,9.44,79.38,9.41,0.75,100.4,67.07
20240414,21.06,10.81,82.54,6.74,1.42,100.9,41.83
20240415,22.8,15.23,82.07,3.54,4.23,100.89,31.57
20240416,25.86,12.28,71.8,3.93,0.0,101.88,6.85
20240417,9.99,9.91,92.82,4.02,1.82,101.89,90.83
20240418,5.69,8.01,91.58,7.85,4.3,101.65,96.8
20240419,12.24,8.36,87.91,4.29,3.39,101.82,95.93
20240420,19.5,10.6,85.74,4.03,1.93,101.28,61.09
20240421,14.17,7.59,69.47,4.51,0.01,101.47,83.23
20240422,27.55,8.65,72.81,4.05,0.0,101.69,7.74
20240423,26.19,9.14,82.63,4.91,0.0,101.83,36.64
20240424,20.7,12.1,80.2,5.06,0.32,101.2,78.69
20240425,24.41,7.37,66.41,4.82,0.0,102.54,45.12
20240426,26.91,8.45,74.24,3.32,0.02,103.01,12.87
20240427,15.04,9.12,80.38,4.82,0.42,103.02,85.8
20240428,21.45,12.5,93.18,3.92,2.63,101.93,77.81
20240429,22.16,15.46,92.1,3.79,0.39,101.41,44.32
20240430,16.05,11.74,94.5,3.79,0.67,101.18,80.95
20240501,22.71,13.13,89.67,3.23,0.74,101.24,53.81
20240502,24.38,15.01,87.57,4.39,0.59,101.32,41.71
20240503,16.75,11.64,86.72,5.42,0.08,101.99,76.07
20240504,9.87,10.94,84.64,5.19,1.84,102.45,91.74
20240505,4.33,10.67,93.36,5.87,7.35,102.22,99.83
20240506,12.45,14.9,93.21,2.64,1.69,101.35,96.83
20240507,26.0,16.54,78.53,3.08,0.04,100.69,53.53
20240508,22.89,16.99,89.3,5.75,2.49,100.17,86.23
20240509,14.33,15.09,81.78,3.83,0.51,100.51,99.03
20240510,5.93,10.69,84.36,6.75,9.39,100.72,98.48
20240511,22.42,10.97,77.61,4.59,0.16,100.98,75.44
20240512,9.11,10.07,83.33,3.39,5.18,101.21,85.89
20240513,16.41,12.54,87.64,4.64,0.05,101.64,67.26
20240514,15.22,14.24,92.58,4.52,0.98,101.43,81.58
20240515,9.03,14.3,93.85,5.98,6.39,100.77,96.37
20240516,6.85,14.87,90.82,8.49,3.33,100.49,86.73
20240517,13.47,15.38,85.55,3.3,0.11,101.2,88.78
20240518,9.5,14.77,89.88,2.6,0.64,101.38,96.99
20240519,21.21,15.22,88.75,3.57,0.14,101.4,66.23
20240520,25.93,14.47,90.37,3.05,0.06,101.58,48.31
20240521,26.74,16.29,90.72,4.43,0.04,101.43,44.45
20240522,28.51,17.7,88.93,5.15,0.23,101.31,28.49
20240523,14.93,18.82,91.74,3.67,15.97,101.03,79.03
20240524,29.01,20.21,77.89,2.87,0.12,100.92,19.39
20240525,25.58,17.84,87.17,3.6,0.14,101.04,74.91
20240526,22.69,18.37,92.41,3.78,1.01,101.14,82.62
20240527,11.79,18.3,95.71,6.63,8.9,100.86,97.64
20240528,28.37,20.11,83.56,5.19,0.27,100.59,11.25
20240529,25.35,18.74,84.11,2.75,3.0,101.12,46.98
20240530,27.85,17.68,75.96,4.18,3.54,101.31,44.77
20240531,29.72,18.13,71.78,4.31,0.08,101.85,17.72
20240601,30.07,19.17,71.02,3.98,0.0,101.88,26.17
20240602,19.46,19.12,83.5,4.88,0.1,101.57,97.95
20240603,24.6,21.16,84.36,2.39,0.55,101.18,66.78
20240604,26.55,19.4,89.81,3.05,0.14,101.44,69.1
20240605,17.55,19.97,93.96,4.06,10.64,101.08,91.64
20240606,16.3,21.73,93.27,5.76,12.31,99.99,78.61
20240607,24.63,21.77,79.03,3.47,0.25,100.13,37.92
20240608,28.02,20.17,76.25,4.52,0.01,100.64,16.81
20240609,19.68,20.32,81.99,4.94,0.71,100.16,58.64
20240610,24.2,19.14,75.93,3.61,0.1,100.37,36.54
20240611,18.34,18.71,75.83,2.38,0.26,101.18,73.0
20240612,23.07,19.62,81.46,2.56,0.19,101.49,44.09
20240613,27.83,20.39,87.06,5.0,0.12,101.46,15.44
20240614,19.69,21.54,88.69,4.76,4.24,101.06,60.67
20240615,29.07,20.81,75.87,4.31,0.09,101.39,17.25
20240616,28.22,19.05,77.09,4.54,0.0,102.16,48.42
20240617,26.8,21.45,87.34,5.68,0.12,102.09,32.39
20240618,27.45,22.08,87.21,5.39,0.07,102.29,27.75
20240619,26.68,22.24,87.02,4.43,0.02,102.55,53.09
20240620,27.33,23.32,84.11,4.98,0.05,102.4,37.72
20240621,27.38,24.16,83.61,4.84,0.55,101.93,28.53
20240622,22.43,24.13,87.59,3.93,2.25,101.41,77.56
20240623,19.84,24.25,87.01,7.37,1.43,100.54,91.89
20240624,24.24,22.72,73.36,7.18,4.07,100.35,59.16
20240625,27.97,22.78,68.89,5.43,0.0,101.06,41.05
20240626,24.15,22.89,81.8,6.34,9.3,100.62,92.65
20240627,26.75,22.33,77.75,3.69,4.0,100.74,43.32
20240628,30.36,19.72,62.72,4.66,0.0,101.88,41.76
20240629,15.33,21.59,88.61,6.32,1.53,101.9,94.95
20240630,14.23,22.5,94.12,6.04,19.98,101.15,86.31
20240701,28.86,21.07,75.1,5.46,0.69,101.52,11.98
20240702,28.71,21.58,72.14,3.04,0.0,102.16,41.64
20240703,27.88,21.34,83.12,3.98,0.03,102.0,47.16
20240704,20.99,22.68,88.53,4.63,1.02,101.26,77.91
20240705,17.58,23.5,91.75,4.93,4.81,100.83,85.73
20240706,22.36,24.37,91.34,4.97,6.44,100.96,50.71
20240707,22.6,24.6,86.36,2.02,1.49,101.33,63.35
20240708,24.11,24.95,84.7,2.06,0.33,101.5,49.1
20240709,21.99,24.81,89.35,4.0,0.73,101.31,71.97
20240710,21.87,24.99,90.5,6.8,1.03,101.03,65.09
20240711,26.61,24.87,82.34,6.1,2.84,101.26,35.58
20240712,14.15,24.19,90.62,4.77,5.55,101.95,85.2
20240713,22.08,24.58,90.08,4.25,4.51,101.89,52.36
20240714,21.79,25.52,83.46,3.16,2.74,101.46,30.26
20240715,24.19,25.81,84.88,4.78,2.52,101.0,49.23
20240716,25.46,26.5,81.09,5.23,1.43,100.79,28.83
20240717,21.86,25.31,87.68,3.82,14.61,100.88,77.06
20240718,18.71,25.04,80.08,2.45,3.56,101.1,82.01
20240719,28.16,23.64,67.71,4.15,0.01,101.71,10.54
20240720,14.6,24.06,81.9,4.37,0.21,101.73,97.04
20240721,22.43,24.87,80.85,2.75,0.49,101.53,48.34
20240722,13.13,24.22,89.78,3.8,4.44,101.6,98.95
20240723,15.9,24.71,85.04,1.64,3.31,101.54,92.36
20240724,12.26,24.35,88.99,2.48,3.06,101.78,99.05
20240725,14.15,25.02,81.05,3.48,2.2,101.59,82.4
20240726,24.37,24.01,65.38,3.42,0.02,101.72,55.42
20240727,23.21,24.46,70.91,2.25,0.05,101.83,18.94
20240728,21.54,24.19,74.47,3.42,0.09,101.77,46.44
20240729,18.29,24.45,83.07,4.81,3.98,101.37,80.32
20240730,18.92,24.71,88.58,5.88,1.82,101.3,65.11
20240731,16.88,25.12,88.71,5.85,7.11,101.1,70.61
20240801,22.35,26.49,81.01,3.22,2.26,101.25,15.53
20240802,17.5,25.89,89.58,4.25,8.03,101.03,68.21
20240803,20.03,25.65,90.18,4.22,7.59,100.88,78.77
20240804,13.29,24.88,90.91,5.4,8.38,101.14,75.96
20240805,23.04,25.52,83.08,4.35,0.85,101.42,32.28
20240806,17.8,25.44,88.65,4.69,12.18,101.21,60.39
20240807,5.67,21.93,89.6,5.34,24.38,101.3,96.6
20240808,6.4,22.11,93.49,6.39,6.41,101.65,99.56
20240809,10.65,24.4,94.26,9.59,20.66,101.08,89.41
20240810,24.48,24.54,81.58,3.99,1.88,101.18,32.73
20240811,20.94,23.0,79.69,3.04,0.06,101.39,57.47
20240812,21.23,22.55,76.07,3.56,0.79,101.37,28.88
20240813,23.42,22.47,71.54,2.71,0.04,101.48,13.52
20240814,22.99,23.94,74.48,2.43,1.04,101.54,17.8
20240815,21.76,24.25,76.41,2.38,0.97,101.56,12.94
20240816,21.19,23.76,82.48,3.21,0.38,101.58,26.05
20240817,9.25,23.42,89.74,4.13,3.86,101.42,97.56
20240818,16.01,23.92,91.8,6.34,18.27,100.89,75.88
20240819,17.99,24.11,88.08,3.56,7.46,100.43,76.44
20240820,22.7,19.94,70.4,6.06,0.46,101.09,27.93
20240821,22.07,19.15,69.75,4.95,0.04,101.63,19.82
20240822,20.59,20.68,70.16,3.92,0.01,102.01,23.67
20240823,24.39,21.52,76.5,3.02,0.0,102.34,6.91
20240824,22.03,22.43,76.55,3.42,0.02,102.25,22.86
20240825,20.84,22.4,80.57,3.99,0.19,102.17,29.55
20240826,20.94,23.01,82.8,3.06,3.09,101.86,18.31
20240827,22.92,23.2,82.8,2.98,0.22,101.72,7.79
20240828,20.1,25.6,79.37,4.15,1.07,101.33,55.34
20240829,14.17,22.75,75.04,6.3,6.46,102.06,79.16
20240830,9.11,20.02,81.0,5.08,4.67,102.29,91.77
20240831,11.52,22.49,87.14,3.76,0.1,101.68,82.37
20240901,11.91,23.43,90.27,4.35,0.89,101.07,82.29
20240902,21.11,22.12,68.52,5.3,0.03,101.45,38.55
20240903,23.4,19.16,55.25,4.22,0.0,102.48,0.43
20240904,22.31,20.33,59.44,2.87,0.0,102.83,1.81
20240905,22.28,20.55,73.13,4.95,0.01,102.59,7.37
20240906,12.41,21.09,84.03,3.91,0.1,101.71,68.49
20240907,9.28,20.43,85.45,5.1,2.92,100.96,78.06
20240908,22.5,18.02,63.1,5.84,0.01,101.41,10.75
20240909,21.01,19.41,64.94,5.06,0.01,101.71,19.11
20240910,21.9,20.85,66.05,2.79,0.0,101.72,17.85
20240911,22.02,19.96,71.69,3.05,0.0,102.08,24.89
20240912,20.19,20.65,80.29,2.51,0.01,102.25,18.81
20240913,19.87,20.96,82.01,2.34,0.01,102.25,4.41
20240914,19.08,21.57,81.87,2.71,0.0,102.27,11.89
20240915,18.45,21.02,77.49,4.69,0.01,102.54,25.84
20240916,16.42,19.84,78.37,4.46,0.03,102.44,81.86
20240917,12.79,20.97,87.88,4.1,0.22,102.07,95.63
20240918,8.49,21.15,83.99,5.27,0.06,101.59,96.8
20240919,16.46,22.44,70.47,4.55,0.01,101.02,79.14
20240920,17.11,21.82,77.04,5.4,0.06,101.21,28.25
20240921,17.81,20.49,75.71,5.46,0.01,101.37,29.71
20240922,18.14,19.38,73.39,5.09,0.05,101.46,44.67
20240923,7.88,18.11,74.55,5.22,0.96,101.63,95.73
20240924,9.23,18.2,75.86,5.78,0.1,101.84,98.89
20240925,4.11,19.15,82.66,5.99,0.94,101.9,99.03
20240926,5.95,20.74,93.5,4.54,1.35,101.66,99.72
20240927,6.62,20.11,88.18,3.54,4.04,101.44,99.76
20240928,4.74,19.54,89.75,7.95,4.56,101.21,94.53
20240929,3.3,18.29,86.43,6.61,3.4,101.43,98.63
20240930,13.5,18.68,79.54,5.15,0.09,101.57,92.8
20241001,10.68,18.24,82.47,6.07,0.05,101.56,89.39
20241002,10.53,17.6,75.78,4.07,0.03,101.47,85.91
20241003,12.34,18.61,74.93,2.61,0.0,101.88,52.42
20241004,12.16,18.9,83.96,3.0,0.14,102.09,67.76
20241005,16.93,19.81,75.33,3.56,0.62,101.88,12.1
20241006,17.08,17.97,76.77,4.23,0.03,101.66,20.7
20241007,13.83,19.47,75.64,5.47,0.63,100.86,59.99
20241008,15.99,16.84,60.72,4.28,0.0,101.13,28.93
20241009,14.82,16.27,63.11,4.26,0.05,101.14,39.46
20241010,17.39,13.71,65.02,6.62,0.0,101.63,2.45
20241011,16.35,15.16,63.79,5.15,0.0,101.62,2.7
20241012,16.05,17.62,62.19,5.51,0.0,101.22,19.15
20241013,12.59,17.97,77.78,5.0,0.11,100.86,53.02
20241014,12.86,15.94,71.23,7.62,0.29,100.37,51.43
20241015,13.33,12.01,63.9,5.74,0.03,101.1,58.29
20241016,14.01,11.78,65.88,6.06,0.0,101.63,25.94
20241017,15.33,11.88,66.58,6.56,0.0,102.14,25.34
20241018,15.57,14.3,61.61,4.87,0.0,102.81,5.54
20241019,15.07,14.77,71.19,2.87,0.0,103.03,2.94
20241020,15.0,15.64,71.56,3.68,0.0,102.45,6.18
20241021,14.5,17.14,66.82,3.63,0.0,102.11,4.47
20241022,13.76,18.46,79.33,3.25,0.01,102.19,2.92
20241023,14.0,17.71,91.39,5.26,0.03,101.6,7.88
20241024,13.67,16.81,66.45,6.13,0.01,101.26,30.88
20241025,14.39,13.17,65.23,4.64,0.0,101.78,29.95
20241026,13.07,14.64,60.15,6.26,0.01,101.86,33.64
20241027,14.3,11.37,54.53,4.25,0.0,102.69,39.53
20241028,13.02,12.63,56.5,3.25,0.0,102.87,36.11
20241029,10.3,15.52,82.69,4.43,0.14,102.84,59.27
20241030,12.04,16.67,86.35,4.5,0.09,102.42,60.76
20241031,12.04,17.79,84.26,5.64,0.03,101.8,55.76
20241101,11.13,18.64,72.05,6.79,0.01,101.4,41.83
20241102,13.03,13.14,61.96,5.05,0.0,102.42,13.62
20241103,12.84,9.92,59.47,4.3,0.0,102.92,48.46
20241104,9.03,12.55,76.63,4.71,0.0,102.89,83.15
20241105,10.6,16.43,88.0,6.06,0.01,102.11,24.84
20241106,11.13,18.79,82.69,6.58,0.0,101.55,40.44
20241107,11.5,17.66,74.91,4.29,0.04,101.6,36.46
20241108,12.08,14.61,64.31,5.91,0.0,101.39,10.85
20241109,12.43,10.64,50.78,6.29,0.0,102.43,20.93
20241110,5.27,12.97,66.44,5.49,2.84,102.15,94.19
20241111,9.96,16.11,79.95,6.51,5.0,100.6,45.9
20241112,11.96,11.19,60.75,9.61,0.0,101.6,13.55
20241113,11.73,7.44,59.15,6.29,0.0,102.94,26.13
20241114,6.13,7.32,64.52,4.51,0.02,102.28,92.18
20241115,10.24,9.83,53.83,5.63,0.0,101.04,43.8
20241116,11.12,11.07,57.45,7.52,0.0,101.03,3.47
20241117,9.64,11.47,62.63,4.91,0.0,101.47,55.23
20241118,10.0,12.59,69.88,5.48,0.1,101.04,39.11
20241119,8.87,11.32,69.08,3.8,0.19,101.13,63.6
20241120,4.73,12.37,77.0,3.71,0.11,100.65,79.91
20241121,2.83,9.41,91.55,7.41,46.67,99.75,98.08
20241122,2.59,5.76,86.1,8.11,4.21,99.35,98.58
20241123,7.02,7.66,82.67,9.29,1.28,99.97,59.48
20241124,7.04,9.31,74.95,8.23,0.09,101.12,63.69
20241125,8.86,8.93,71.91,4.7,0.1,101.64,67.32
20241126,6.99,11.78,83.15,5.94,3.39,101.03,56.19
20241127,8.66,8.37,70.44,4.27,0.01,101.51,80.44
20241128,2.15,9.58,86.42,7.61,18.72,100.35,82.81
20241129,5.35,6.05,72.73,6.71,0.05,101.14,47.74
20241130,9.47,2.77,71.87,7.01,0.01,101.53,7.76
20241201,7.94,2.17,68.82,7.11,0.0,101.8,51.47
20241202,8.25,2.61,72.13,5.05,0.05,101.97,42.23
20241203,7.54,3.3,73.78,5.43,0.14,102.28,55.12
20241204,5.01,4.05,71.2,6.96,1.4,101.88,76.77
20241205,5.76,4.04,78.72,11.14,4.56,100.37,65.65
20241206,9.19,1.68,69.34,8.25,0.06,101.76,59.82
20241207,7.96,3.34,68.89,6.89,0.05,101.85,83.52
20241208,7.05,7.54,71.88,7.68,0.08,101.01,76.74
20241209,2.26,8.85,90.94,4.37,5.57,101.39,85.79
20241210,2.63,9.31,96.51,4.31,1.97,101.56,98.72
20241211,4.81,11.74,95.49,9.77,49.78,100.3,96.22
20241212,9.34,3.57,66.02,9.45,0.0,102.01,15.36
20241213,9.02,0.49,66.82,5.72,0.0,103.66,30.58
20241214,8.92,0.65,68.17,4.38,0.0,104.46,48.62
20241215,4.29,4.06,74.74,4.64,0.47,103.93,99.14
20241216,3.29,8.23,95.98,6.47,23.47,102.68,99.17
20241217,7.55,9.89,90.42,5.65,2.66,101.93,59.73
20241218,7.58,8.01,87.93,3.55,3.71,101.92,45.1
20241219,7.44,5.57,75.78,5.66,2.01,102.17,76.78
20241220,1.78,3.3,88.96,7.08,5.66,101.57,99.83
20241221,5.29,-0.16,78.36,8.69,1.55,101.65,77.17
20241222,7.99,-4.31,79.54,7.11,0.0,102.99,52.49
20241223,7.59,-3.62,78.78,3.5,0.0,103.43,66.28
20241224,5.02,2.41,83.08,5.53,0.71,102.43,87.04
20241225,4.01,1.14,78.33,4.96,0.02,102.71,90.96
20241226,7.54,0.72,73.32,3.19,0.0,102.98,31.35
20241227,6.33,2.6,77.98,1.81,0.05,102.89,68.57
20241228,2.7,7.0,98.76,3.6,11.6,102.35,99.55
20241229,5.64,9.17,97.44,5.93,3.49,101.63,96.93
20241230,7.01,9.83,84.54,7.1,25.43,100.45,55.66
20241231,7.67,7.27,89.23,4.71,4.24,100.84,53.03
20250101,3.01,7.28,86.01,8.41,0.86,100.05,66.62
20250102,6.19,3.46,73.47,10.41,0.02,101.27,53.74
20250103,7.43,1.76,76.16,7.75,0.14,101.12,58.48
20250104,6.77,0.38,67.99,10.07,0.01,101.11,69.91
20250105,8.14,-0.17,73.01,8.52,0.0,101.61,66.18
20250106,3.14,-0.4,80.12,5.27,1.15,100.91,99.79
20250107,8.91,-2.05,76.13,11.81,0.01,100.98,37.77
20250108,8.78,-2.21,71.37,11.23,0.0,101.22,40.32
20250109,9.4,-1.68,76.49,12.26,0.05,100.77,19.53
20250110,8.6,0.73,74.37,6.7,0.0,101.14,59.9
20250111,5.75,0.62,79.73,5.85,1.05,100.13,71.59
20250112,7.93,1.61,76.05,4.79,0.0,101.4,58.37
20250113,5.22,2.87,78.57,6.03,0.0,101.36,46.3
20250114,10.11,-0.29,67.96,8.68,0.0,101.54,33.72
20250115,9.56,-2.02,74.87,8.82,0.0,101.94,27.58
20250116,5.91,-1.5,77.07,5.36,0.49,101.41,76.41
20250117,9.72,0.86,78.85,4.97,0.01,101.64,28.2
20250118,3.37,4.21,93.0,5.58,1.54,101.22,92.04
20250119,2.43,1.81,92.0,6.14,7.53,100.64,85.67
20250120,7.92,-3.75,74.68,8.11,0.03,102.18,50.5
20250121,7.22,-6.69,76.76,5.25,0.02,103.19,88.0
20250122,9.21,-6.75,68.17,4.24,0.0,103.07,78.73
20250123,8.34,-3.21,69.66,4.34,0.0,102.37,66.18
20250124,9.93,-1.84,74.16,5.4,0.0,102.14,38.77
20250125,8.11,-1.42,70.51,5.52,0.0,102.52,63.57
20250126,7.48,1.73,78.5,5.93,0.01,102.0,85.39
20250127,11.26,1.6,71.32,6.88,0.0,101.28,44.36
20250128,9.12,2.38,67.68,7.29,0.03,100.28,71.03
20250129,8.83,4.57,74.67,9.49,0.01,100.04,46.1
20250130,11.53,0.5,63.77,6.07,0.0,102.09,43.97
20250131,2.19,4.99,97.42,5.49,9.35,101.06,99.99
20250201,12.37,1.36,74.58,8.8,2.33,101.7,35.04
20250202,7.04,-0.84,78.68,5.29,1.42,102.97,90.09
20250203,7.18,3.23,92.16,4.13,0.07,101.63,89.42
20250204,11.27,3.75,75.57,8.27,0.26,101.46,42.53
20250205,11.67,0.08,59.64,4.07,0.0,102.72,77.48
20250206,2.63,2.36,91.15,5.69,9.66,101.44,98.58
20250207,12.25,1.86,75.54,7.45,0.04,101.54,48.29
20250208,7.08,-0.16,69.02,3.82,6.88,102.18,91.63
20250209,5.15,1.1,84.54,5.44,4.35,101.57,92.07
20250210,12.22,0.18,70.15,5.5,0.0,102.68,58.52
20250211,5.96,0.05,68.21,2.19,2.28,102.69,95.82
20250212,3.12,1.73,90.73,6.93,2.12,102.21,99.84
20250213,4.95,3.9,91.15,7.36,7.32,101.23,82.88
20250214,14.89,0.17,66.97,7.41,0.0,103.13,38.4
20250215,3.18,1.19,75.53,4.27,11.62,102.59,99.45
20250216,3.59,5.09,93.7,8.69,26.53,99.59,90.07
20250217,13.88,-0.17,61.8,12.48,0.06,100.88,34.02
20250218,14.35,-3.91,66.04,10.13,0.0,102.12,30.58
20250219,12.16,-3.82,75.82,6.96,0.0,102.43,59.4
20250220,9.29,-3.73,80.28,7.39,0.17,101.5,75.44
20250221,15.92,-2.36,74.21,9.74,0.0,102.15,13.3
20250222,16.06,-1.05,75.03,5.43,0.0,102.55,47.91
20250223,14.59,2.61,77.4,4.24,0.0,101.9,70.48
20250224,14.26,3.8,88.24,5.07,0.0,101.63,64.79
20250225,10.25,5.39,90.45,4.64,0.02,100.83,69.11
20250226,15.5,5.95,81.22,4.28,0.05,101.15,36.6
20250227,4.28,6.03,94.41,5.34,1.57,100.57,96.7
20250228,15.84,4.9,78.83,5.32,0.0,100.52,41.0
20250301,13.96,5.24,75.86,8.9,0.01,100.11,52.07
20250302,18.51,-1.79,61.98,7.72,0.01,101.77,18.46
20250303,18.1,-0.84,65.6,4.84,0.0,102.38,29.55
20250304,10.95,4.08,85.14,6.68,0.0,102.08,62.4
20250305,5.18,7.48,94.39,10.02,28.05,100.47,88.54
20250306,11.61,6.49,81.5,7.81,1.26,99.19,89.85
20250307,18.56,3.73,64.12,9.59,0.01,100.35,38.8
20250308,16.4,3.66,68.69,7.38,0.01,100.52,40.65
20250309,17.89,3.87,70.16,6.11,0.0,101.17,12.8
20250310,18.71,7.27,77.72,4.99,0.0,101.01,15.63
20250311,18.82,7.18,87.2,3.78,0.01,100.78,3.08
20250312,14.64,6.07,74.6,4.95,0.01,101.37,54.58
20250313,16.16,5.04,82.05,6.2,0.02,101.76,50.32
20250314,16.8,5.11,89.0,3.53,0.18,101.95,59.3
20250315,5.91,6.04,96.98,3.85,3.39,101.83,91.08
20250316,6.59,8.81,97.35,8.78,11.63,101.28,98.41
20250317,7.42,8.52,86.78,6.24,13.27,100.88,84.7
20250318,21.03,6.38,67.53,6.01,0.0,101.56,1.91
20250319,19.86,6.92,82.54,2.75,0.02,101.64,35.82
20250320,12.37,6.22,96.23,4.79,6.84,100.56,89.71
20250321,21.29,5.91,68.85,8.91,1.6,100.43,37.31
20250322,15.71,6.99,79.44,6.33,0.06,100.75,62.43
20250323,21.55,3.62,64.53,5.76,0.0,101.87,44.72
20250324,3.89,6.64,91.73,6.0,11.72,100.99,86.69
20250325,21.89,8.09,77.56,4.64,0.06,101.15,63.61
20250326,12.8,5.73,77.6,4.21,1.76,101.64,82.56
20250327,23.2,4.87,68.4,5.51,0.0,102.22,9.58
20250328,13.63,7.86,83.76,5.17,3.4,101.99,87.21
20250329,14.51,11.94,85.63,6.32,0.77,101.47,82.73
20250330,7.03,6.48,93.3,5.15,4.14,101.81,97.18
20250331,11.3,10.53,94.06,7.35,8.55,100.54,94.96
20250401,23.4,7.86,72.3,6.74,4.49,101.34,37.3
20250402,16.86,5.07,74.23,6.25,0.69,102.86,80.01
20250403,8.57,11.43,95.81,7.51,0.97,101.72,99.77
20250404,12.27,13.23,79.26,4.1,7.71,101.99,98.33
20250405,3.15,7.88,91.06,5.8,3.79,102.06,99.13
20250406,6.45,8.19,89.7,3.15,3.48,100.93,99.81
20250407,3.27,5.64,90.47,4.92,7.93,100.71,99.87
20250408,23.0,4.74,68.71,7.8,0.62,100.75,45.25
20250409,25.61,3.68,61.75,5.57,0.0,102.3,14.82
20250410,11.69,5.89,80.42,4.77,0.66,102.53,88.77
20250411,4.71,6.21,86.93,7.47,18.4,101.84,99.65
20250412,5.38,4.06,91.11,9.38,8.88,101.22,98.98
20250413,12.89,7.62,82.77,5.58,1.36,101.12,72.04
20250414,16.06,9.02,82.37,4.66,0.5,100.93,81.15
20250415,14.29,10.73,80.15,5.87,3.21,99.91,85.94
20250416,13.53,7.54,70.78,8.02,0.01,100.76,87.29
20250417,26.71,8.55,69.51,4.73,0.0,101.9,15.42
20250418,21.56,9.7,80.0,5.23,0.05,102.15,59.53
20250419,15.1,14.01,86.77,7.56,0.06,101.35,95.69
20250420,21.93,12.53,67.88,5.77,0.0,102.23,95.58
20250421,10.05,9.28,82.99,5.16,0.55,102.25,99.01
20250422,21.83,13.96,83.6,4.38,0.68,101.38,77.49
20250423,25.21,13.16,73.67,3.28,0.0,102.13,45.01
20250424,23.81,13.56,80.69,3.72,0.0,102.36,33.6
20250425,20.36,13.04,88.23,5.33,0.41,102.09,88.38
20250426,9.61,13.87,92.8,7.42,15.17,100.97,77.95
20250427,22.53,11.02,69.02,8.48,0.01,101.42,43.01
20250428,27.11,13.25,69.96,4.32,0.0,102.34,17.1
20250429,24.67,13.45,81.39,7.47,0.09,101.82,66.94
20250430,26.98,15.22,71.78,5.23,0.05,101.41,58.77
20250501,24.13,11.84,81.29,4.6,0.23,101.82,64.11
20250502,20.78,15.34,87.85,5.04,0.55,101.1,83.2
20250503,19.81,15.22,92.55,5.88,1.76,101.1,79.97
20250504,8.8,13.58,94.89,5.16,16.01,101.27,98.71
20250505,6.54,13.06,96.23,4.24,35.02,101.72,98.54
20250506,13.26,14.57,94.43,5.6,2.65,101.56,88.12
20250507,22.96,15.37,80.81,3.34,0.15,101.42,68.26
20250508,20.27,15.67,86.01,2.28,1.57,101.44,79.84
20250509,4.15,13.68,92.95,5.55,8.8,101.05,93.92
20250510,28.64,14.21,75.15,6.54,0.04,101.35,28.03
20250511,27.53,16.6,71.34,2.52,0.01,102.14,39.79
20250512,25.97,15.17,82.12,4.31,0.01,102.35,59.97
20250513,7.69,15.18,94.58,4.23,5.05,102.06,99.66
20250514,4.64,14.53,95.44,7.02,29.6,101.59,95.72
20250515,10.19,15.98,94.68,2.15,2.89,101.03,79.87
20250516,12.41,16.73,92.81,2.99,1.29,100.68,91.32
20250517,22.06,18.41,87.88,4.73,3.13,100.04,69.77
20250518,22.02,17.31,77.45,6.14,0.12,100.2,59.88
20250519,28.18,15.17,71.0,7.38,0.14,100.75,16.98
20250520,28.88,13.4,73.21,4.26,0.01,101.29,37.26
20250521,5.0,12.13,85.11,7.47,13.68,101.38,99.73
20250522,7.41,11.6,87.91,7.18,17.57,100.85,99.19
20250523,15.32,12.38,83.21,2.87,2.24,100.9,90.99
20250524,18.09,13.29,79.26,5.99,0.34,101.33,71.96
20250525,20.15,13.93,80.02,5.01,0.08,101.77,70.16
20250526,26.91,15.07,78.65,3.1,0.02,102.14,22.81
20250527,20.8,15.1,84.83,3.0,0.02,102.55,80.97
20250528,9.36,14.23,88.46,3.4,10.26,102.34,99.35
20250529,11.62,15.52,91.42,4.65,8.69,101.42,97.75
20250530,18.02,16.21,93.96,3.99,8.47,100.31,92.14
20250531,16.4,15.52,83.69,8.24,22.89,99.09,92.09
20250601,22.86,13.99,74.24,5.8,0.07,100.61,51.99
20250602,28.75,15.65,77.01,3.1,0.06,101.44,18.62
20250603,27.5,17.21,76.51,2.84,0.01,101.95,1.98
20250604,28.1,18.09,88.27,4.52,0.08,102.06,8.08
20250605,24.14,19.39,87.42,4.65,0.02,101.58,80.12
20250606,21.18,19.82,88.33,4.19,0.3,101.17,65.89
20250607,11.68,18.99,92.71,2.51,13.9,100.64,90.36
20250608,14.27,17.85,90.15,5.74,0.5,100.89,95.11
20250609,8.22,17.07,92.28,4.86,5.96,101.05,92.33
20250610,12.91,18.6,92.73,3.09,4.04,101.03,84.99
20250611,26.45,20.58,80.35,3.4,0.04,101.62,12.45
20250612,26.41,22.1,80.96,4.22,0.04,101.49,48.5
20250613,20.23,19.25,79.86,3.96,0.13,101.8,98.29
20250614,6.09,17.07,92.77,5.37,10.13,101.73,99.74
20250615,6.58,16.17,87.24,4.38,5.55,101.98,97.92
20250616,7.06,17.23,92.13,5.11,4.03,101.84,98.76
20250617,7.55,17.98,95.14,3.32,3.11,101.55,98.08
20250618,16.52,20.2,93.54,3.47,1.83,101.16,88.58
20250619,24.85,22.18,90.05,5.29,2.18,100.77,39.44
20250620,26.47,21.68,78.12,5.83,0.11,101.1,43.23
20250621,25.27,22.36,81.99,3.53,0.06,101.76,65.92
20250622,12.14,23.87,84.84,4.97,0.85,101.57,65.55
20250623,26.75,26.12,81.31,2.56,0.49,101.61,44.62
20250624,29.17,27.69,71.62,2.94,0.0,101.62,11.79
20250625,27.38,27.89,74.39,2.18,0.08,101.44,31.68
20250626,16.8,22.89,82.26,5.77,1.03,101.62,78.44
20250627,8.65,19.88,76.38,6.83,1.27,102.13,96.01
20250628,22.23,22.79,88.02,4.29,1.33,101.58,63.04
20250629,26.85,25.28,76.63,2.6,0.15,101.32,40.67
20250630,22.09,23.65,86.18,2.61,2.01,101.35,67.2
20250701,18.36,24.39,90.74,4.3,23.1,100.91,90.61
20250702,18.84,23.63,86.19,3.41,11.09,100.91,70.72
20250703,25.72,24.5,79.7,3.53,2.9,100.97,24.07
20250704,29.75,23.17,73.28,3.17,0.01,101.63,4.03
20250705,27.54,23.33,75.92,3.69,0.02,101.9,32.57
20250706,28.46,23.99,81.86,5.53,0.07,101.66,31.28
20250707,17.17,24.72,91.5,4.29,1.87,101.35,71.1
20250708,24.37,25.92,86.78,3.71,5.2,101.34,51.33
20250709,25.35,25.76,83.96,3.91,2.25,101.37,55.64
20250710,13.96,23.77,89.41,1.8,32.24,101.26,92.64
20250711,23.53,24.09,89.24,3.01,0.32,101.5,36.2
20250712,21.91,24.11,88.4,3.18,0.25,101.69,51.94
20250713,18.84,24.17,87.72,3.98,0.41,101.71,41.98
20250714,18.23,25.11,90.37,4.55,10.88,101.59,81.66
20250715,21.72,25.82,85.79,2.71,1.25,101.63,42.55
20250716,22.31,26.38,88.32,3.62,0.97,101.46,54.54
20250717,21.14,27.22,84.54,5.71,1.35,100.96,77.21
20250718,23.1,25.53,66.05,3.91,0.0,101.5,62.44
20250719,11.07,24.97,78.88,3.39,1.19,101.6,84.47
20250720,19.56,26.79,80.49,3.42,3.51,100.77,80.93
20250721,25.35,25.44,69.81,3.05,0.17,101.08,15.04
20250722,24.46,23.02,70.22,4.54,0.14,101.84,23.46
20250723,25.13,23.8,65.45,3.89,0.08,102.21,40.59
20250724,25.31,24.61,75.86,5.62,0.06,101.93,38.05
20250725,23.26,26.42,78.5,5.24,1.54,101.27,38.51
20250726,22.72,24.99,71.72,4.42,0.84,101.68,58.95
20250727,12.74,24.77,84.73,4.32,4.07,101.44,69.15
20250728,26.02,27.4,76.3,2.48,0.04,101.34,16.33
20250729,25.6,28.14,76.5,3.12,0.2,101.38,21.77
20250730,22.66,28.19,74.57,3.2,0.93,101.35,44.56
20250731,10.5,26.26,85.1,3.47,12.92,101.33,83.45
20250801,9.95,21.62,76.85,6.61,1.89,101.92,88.79
20250802,23.3,22.56,68.32,3.0,0.03,102.15,35.81
20250803,26.35,22.92,68.12,2.72,0.04,101.94,5.41
20250804,24.04,24.21,66.17,2.33,0.02,101.91,21.23
20250805,15.69,23.75,82.38,2.29,0.06,102.35,87.28
20250806,8.73,22.81,77.61,4.6,0.16,102.7,98.33
20250807,21.95,22.38,70.5,5.05,0.16,102.54,38.81
20250808,26.66,22.17,61.94,3.8,0.0,102.27,4.05
20250809,26.81,22.18,63.03,3.44,0.12,102.21,2.54
20250810,25.42,23.58,69.15,3.22,0.15,102.2,11.02
20250811,25.64,23.85,73.53,3.97,0.09,102.06,3.16
20250812,24.86,24.45,81.58,4.31,0.28,101.63,16.77
20250813,18.86,25.25,86.37,4.48,4.73,101.09,53.53
20250814,18.0,26.2,80.5,2.16,3.42,101.12,69.11
20250815,23.94,25.64,74.29,4.33,0.06,101.8,15.55
20250816,18.67,24.4,80.1,3.31,0.85,101.82,54.91
20250817,19.49,25.76,80.91,4.99,2.45,101.15,59.15
20250818,10.7,22.28,69.26,6.54,1.07,101.75,66.59
20250819,19.47,21.55,63.64,5.72,0.01,102.05,52.73
20250820,6.94,21.32,84.21,7.63,13.25,101.57,73.61
20250821,13.86,20.45,79.67,9.08,6.14,101.22,53.98
20250822,25.04,21.94,64.0,4.75,0.0,101.42,0.82
20250823,24.41,22.03,72.65,5.55,0.01,101.67,4.83
20250824,17.04,22.48,82.75,4.95,0.01,101.26,59.87
20250825,22.79,23.9,74.98,3.5,0.05,100.84,37.33
20250826,21.72,22.11,59.97,3.9,0.01,101.43,29.56
20250827,21.46,21.09,59.76,4.78,0.02,101.64,23.4
20250828,19.25,21.41,60.86,4.34,0.09,101.84,75.07
20250829,17.28,22.05,67.34,4.19,0.32,101.34,58.0
20250830,22.69,20.19,56.15,3.39,0.0,101.62,9.94
20250831,21.12,20.53,62.63,3.5,0.0,102.07,39.28
20250901,20.09,21.31,66.5,4.58,0.0,102.17,47.24
20250902,21.05,20.45,74.07,3.95,0.01,101.85,23.02
20250903,21.65,20.5,70.86,2.67,0.01,101.3,14.67
20250904,19.06,21.53,79.89,5.97,2.6,101.08,46.26
20250905,19.32,23.13,81.77,6.04,1.25,101.18,33.39
20250906,12.56,23.28,87.55,6.04,25.21,101.25,82.06
20250907,10.75,19.16,82.33,3.44,15.87,101.59,79.12
20250908,23.09,19.46,60.0,4.33,0.0,102.3,4.53
20250909,20.85,19.69,67.14,6.46,0.01,102.39,36.35
20250910,8.66,19.98,81.19,6.56,0.66,101.94,86.02
20250911,21.1,21.17,70.49,2.67,0.0,101.75,7.67
20250912,18.31,20.94,72.7,3.74,0.01,102.01,19.17
20250913,18.68,21.01,77.44,3.9,0.1,101.82,49.31
20250914,18.95,21.57,79.66,2.51,0.06,101.6,52.16
20250915,18.14,21.56,78.06,4.29,0.02,102.1,62.74
20250916,12.17,20.48,73.16,7.24,0.08,102.11,99.28
20250917,8.08,20.1,84.54,7.02,4.12,101.62,86.66
20250918,19.78,21.73,78.24,3.22,0.1,101.25,25.15
20250919,19.85,23.01,68.76,3.11,0.0,101.35,2.79
20250920,19.91,19.72,64.39,5.79,0.0,102.19,18.51
20250921,16.34,18.24,65.77,4.93,0.0,102.37,57.81
20250922,10.58,19.27,77.43,3.29,0.0,101.82,52.11
20250923,14.62,21.84,84.56,5.15,0.47,101.45,79.77
20250924,8.43,21.86,89.94,2.8,9.7,101.54,93.62
20250925,5.05,22.28,95.17,5.93,6.86,100.97,94.31
20250926,17.02,22.84,80.29,2.77,0.3,100.85,62.78
20250927,11.78,21.86,79.34,2.89,0.27,101.33,95.54
20250928,17.86,22.32,77.88,2.63,1.07,101.62,39.4
20250929,11.76,21.81,71.04,2.85,0.0,102.04,97.12
20250930,13.53,21.13,71.77,4.27,0.0,101.67,93.64
20251001,19.01,17.96,61.58,6.86,0.01,102.02,5.61
20251002,16.82,16.23,60.34,4.44,0.0,102.88,39.02
20251003,17.38,17.51,64.43,3.77,0.0,102.55,18.03
20251004,17.35,19.63,71.86,3.92,0.11,102.12,11.05
20251005,16.86,20.66,76.89,3.35,0.08,102.35,1.25
20251006,17.46,20.24,81.23,4.39,0.1,102.35,8.7
20251007,12.96,20.92,85.51,6.35,0.12,101.89,71.04
20251008,10.56,19.36,76.88,7.25,25.91,101.51,57.99
20251009,17.84,14.27,58.72,6.02,0.0,102.79,3.14
20251010,13.04,14.78,62.1,4.04,0.02,102.87,58.65
20251011,6.27,17.94,80.47,5.96,1.2,102.09,97.57
20251012,5.04,16.43,85.67,11.58,14.85,101.52,99.98
20251013,5.74,15.86,90.49,12.82,19.2,101.06,79.28
20251014,8.51,15.68,85.85,8.16,6.07,101.45,78.97
20251015,12.07,16.6,72.93,6.04,0.03,101.28,52.86
20251016,16.64,12.75,60.94,8.15,0.0,101.25,3.47
20251017,14.74,13.58,59.76,5.88,0.0,101.33,17.94
20251018,12.38,14.48,67.16,3.14,0.0,101.5,29.9
20251019,11.06,17.67,87.91,7.26,0.2,101.22,61.87
20251020,7.6,16.32,76.63,9.1,3.63,100.79,71.27
20251021,14.82,15.39,72.77,6.08,0.54,101.08,30.37
20251022,12.42,15.41,71.26,6.41,5.95,100.68,65.56
20251023,10.28,13.34,68.16,6.09,0.02,101.25,51.63
20251024,12.47,12.43,70.91,5.01,0.01,101.87,26.54
20251025,11.78,12.41,65.65,3.6,0.0,102.57,51.72
20251026,11.37,12.53,62.05,3.64,0.01,102.69,43.23
20251027,13.52,11.16,66.23,4.52,0.0,102.62,16.96
20251028,8.29,11.13,79.3,8.36,1.3,102.3,69.5
20251029,7.39,11.88,82.86,7.32,1.86,101.84,90.3
20251030,2.3,15.5,93.6,9.94,43.09,100.27,92.31
20251031,8.23,12.69,73.26,11.02,0.14,99.6,49.27
20251101,8.45,11.85,68.59,7.18,0.0,101.26,51.57
20251102,12.46,11.6,70.55,3.89,0.0,102.36,35.34
20251103,4.61,13.41,79.37,4.73,0.2,101.65,70.5
20251104,13.17,11.98,64.77,7.87,0.0,101.68,4.56
20251105,10.3,13.22,72.22,7.2,0.09,101.11,66.45
20251106,10.26,10.14,65.6,8.04,0.02,101.56,59.63
20251107,9.54,12.0,66.25,6.54,0.32,101.28,83.87
20251108,11.06,14.64,83.09,3.78,1.61,100.68,64.77
20251109,4.46,14.34,94.75,5.01,1.62,100.81,77.89
20251110,2.64,10.28,84.33,6.96,14.54,100.31,96.4
20251111,7.34,4.3,74.88,10.19,0.25,100.78,75.46
20251112,4.56,8.44,68.5,7.5,0.17,100.86,93.71
20251113,5.91,8.73,74.05,8.39,0.25,101.16,61.33
20251114,9.3,8.08,73.99,6.47,0.12,101.5,48.11
20251115,7.71,8.09,75.67,4.98,7.14,100.52,76.49
20251116,8.92,10.35,69.72,10.1,0.16,99.28,71.09
20251117,8.7,5.62,65.29,9.94,0.01,100.77,38.51
20251118,8.73,6.21,65.69,5.41,0.05,101.9,61.67
20251119,6.42,6.81,75.62,3.21,3.93,102.08,74.29
20251120,8.86,6.43,67.5,2.33,0.0,102.18,72.04
20251121,4.76,9.49,79.67,3.22,0.09,101.6,96.35
20251122,5.14,9.05,83.04,4.03,10.36,101.17,74.6
20251123,5.07,7.51,71.11,4.89,0.11,101.44,36.67
20251124,9.93,8.52,69.31,4.83,0.01,102.08,52.0
20251125,2.6,10.65,86.96,5.32,9.54,102.01,99.74
20251126,2.85,12.72,94.59,5.43,5.01,100.75,80.44
20251127,8.38,6.25,64.41,7.97,0.0,101.19,75.22
20251128,7.96,4.03,71.0,9.77,0.01,101.47,23.45
20251129,9.97,4.03,67.04,5.63,0.0,102.86,32.76
20251130,2.67,7.34,83.44,6.55,3.79,102.25,99.54
20251201,9.76,4.46,69.35,6.08,0.0,102.38,60.99
20251202,1.94,5.97,85.12,6.12,21.58,101.0,92.86
20251203,9.66,2.94,74.65,5.85,0.03,101.43,15.48
20251204,7.53,2.34,78.21,7.67,0.07,101.78,37.19
20251205,3.56,-0.29,73.61,3.31,0.16,102.15,97.21
20251206,5.42,3.67,84.65,3.77,0.12,101.22,75.78
20251207,5.48,3.2,78.42,4.42,0.0,101.68,75.5
20251208,6.79,-0.19,68.01,8.03,0.0,102.26,86.19
20251209,8.9,-0.73,66.29,5.58,0.0,102.02,65.5
20251210,4.3,4.59,85.59,9.26,1.87,100.24,95.44
20251211,8.83,1.77,73.19,9.52,0.05,100.42,40.66
20251212,9.53,0.26,71.46,7.17,0.01,101.66,14.55
20251213,5.49,2.57,77.62,4.46,1.61,101.75,91.37
20251214,6.75,-0.59,86.26,7.52,9.48,101.45,78.39
20251215,3.92,-2.49,81.79,8.07,0.01,102.24,89.05
20251216,8.9,-0.82,73.48,4.9,0.0,102.16,61.15
20251217,5.38,3.41,84.63,6.74,0.04,101.56,77.28
20251218,7.97,5.86,89.54,4.67,0.1,102.17,55.42
20251219,5.45,8.0,85.98,11.34,26.3,100.14,72.96
20251220,8.99,1.78,72.66,6.36,0.0,101.9,34.39
20251221,7.96,3.63,76.07,8.48,0.01,101.84,32.59
20251222,9.01,1.27,73.99,5.85,0.0,103.03,37.31
20251223,2.09,3.64,87.68,4.98,6.31,102.02,98.5
20251224,9.02,3.9,81.22,7.39,0.04,101.85,28.23
20251225,6.17,3.64,72.83,6.77,0.12,101.58,81.43
20251226,5.24,-1.47,76.34,6.01,10.25,101.9,79.03
20251227,3.81,0.38,92.07,5.86,1.96,101.61,63.02
20251228,4.38,0.09,87.17,3.82,0.15,101.81,75.26
20251229,1.96,5.2,86.8,9.07,4.58,99.71,84.44
20251230,6.37,-0.27,66.25,10.94,0.02,100.52,85.96
20251231,6.3,-0.29,72.38,7.46,0.25,100.84,-999.0
20260101,8.81,-1.59,75.27,9.06,0.54,100.67,-999.0
20260102,5.87,-2.18,77.94,6.48,0.12,100.87,-999.0
20260103,5.74,-1.9,72.45,4.6,0.0,101.38,-999.0
20260104,7.67,-0.04,74.97,4.84,0.07,101.72,-999.0
20260105,4.06,1.16,77.64,4.37,0.25,101.99,-999.0
20260106,6.02,3.43,93.19,3.82,0.24,101.13,-999.0
20260107,5.91,4.9,92.6,4.93,0.31,100.75,-999.0
20260108,8.84,5.29,86.01,2.81,0.0,102.12,-999.0
20260109,4.79,6.17,95.49,5.65,0.36,102.11,-999.0
20260110,1.84,5.5,95.77,4.52,28.27,101.7,-999.0
20260111,7.59,4.81,80.68,7.35,0.68,100.94,-999.0
20260112,9.38,2.0,73.95,7.41,0.0,101.99,-999.0
20260113,9.15,3.89,79.6,5.98,0.01,101.42,-999.0
20260114,3.41,6.02,87.99,5.15,0.01,100.15,-999.0
20260115,9.71,2.38,77.77,8.04,0.05,99.68,-999.0
20260116,6.75,-0.99,69.0,8.4,0.01,101.09,-999.0
20260117,1.56,3.05,83.08,5.28,2.05,101.72,-999.0
20260118,1.2,1.55,93.77,3.89,8.84,101.29,-999.0
20260119,7.84,-0.25,75.51,7.42,0.07,101.37,-999.0
20260120,9.93,-4.89,74.9,8.2,0.0,102.6,-999.0
20260121,8.35,-1.3,72.51,6.17,0.01,102.82,-999.0
20260122,10.38,4.19,76.23,7.03,0.0,101.62,-999.0
20260123,7.01,0.4,63.21,8.74,0.0,102.12,-999.0
20260124,10.01,-6.82,75.52,7.11,0.0,103.49,-999.0
20260125,2.81,-3.96,92.09,8.79,35.52,102.23,-999.0
20260126,5.88,-3.72,92.04,7.13,1.09,100.78,-999.0
20260127,8.11,-6.11,87.46,8.43,0.34,101.72,-999.0
20260128,8.89,-6.68,87.42,6.43,0.05,101.8,-999.0
20260129,11.37,-7.04,89.55,7.31,0.1,101.86,-999.0
20260130,11.68,-9.11,91.71,7.87,0.03,102.13,-999.0
20260131,11.07,-7.76,89.47,6.04,0.04,101.97,-999.0
20260201,10.6,-7.99,94.12,10.95,0.53,100.97,-999.0
20260202,10.88,-4.86,85.46,7.19,0.0,101.57,-999.0
20260203,8.65,-3.41,83.86,4.4,0.06,102.03,-999.0
20260204,11.98,-2.67,76.96,5.46,0.04,102.17,-999.0
20260205,11.76,-4.22,83.52,4.62,0.0,101.65,-999.0
20260206,8.38,-2.95,82.51,3.3,0.17,100.5,-999.0
20260207,10.97,-8.77,93.09,12.22,0.49,100.69,-999.0
20260208,12.46,-10.82,92.95,10.61,0.01,102.12,-999.0
20260209,12.53,-5.82,81.06,6.04,0.0,102.34,-999.0
20260210,6.34,-1.06,76.22,3.24,0.26,101.61,-999.0
20260211,3.81,1.26,82.32,6.98,0.38,100.77,-999.0
20260212,11.25,-0.4,74.92,7.88,0.01,101.47,-999.0
20260213,13.98,-1.4,74.35,5.08,0.0,101.96,-999.0
20260214,13.54,1.21,80.93,3.86,0.0,101.83,-999.0
20260215,6.21,1.56,87.29,4.02,1.16,101.75,-999.0
20260216,9.54,1.41,83.5,5.17,1.83,101.85,-999.0
20260217,9.31,2.0,94.55,4.21,0.09,101.94,-999.0
20260218,5.73,1.95,97.34,2.81,2.33,101.12,-999.0
20260219,8.68,2.22,88.3,5.13,0.11,101.53,-999.0
20260220,3.96,2.31,95.6,6.21,10.97,100.7,-999.0
20260221,10.93,3.53,84.0,2.98,0.31,101.31,-999.0
20260222,2.76,1.62,92.96,8.18,17.6,101.3,-999.0
20260223,4.08,0.29,85.9,13.18,13.59,100.01,-999.0
20260224,13.37,-1.61,74.93,6.42,0.05,101.18,-999.0
20260225,9.87,1.05,90.09,6.71,2.14,100.63,-999.0
20260226,10.59,2.2,85.72,3.3,0.08,101.06,-999.0
20260227,16.21,0.85,85.75,3.33,0.0,101.81,-999.0
20260228,16.37,3.63,93.99,2.77,0.03,101.74,-999.0
20260301,13.36,1.53,81.11,5.51,0.5,102.18,-999.0
20260302,11.16,-1.81,65.53,4.41,0.0,103.52,-999.0
20260303,2.32,1.53,89.49,4.25,10.35,102.95,-999.0
20260304,7.76,3.68,90.8,2.22,2.09,102.31,-999.0
20260305,3.97,3.27,95.13,3.53,16.05,102.24,-999.0
20260306,3.6,3.14,93.07,5.03,5.68,102.59,-999.0
20260307,7.97,3.93,97.2,3.97,0.74,101.93,-999.0
20260308,9.57,7.6,89.39,4.8,9.96,100.96,-999.0
20260309,18.02,7.72,80.96,3.48,0.0,101.53,-999.0
20260310,17.78,8.09,87.21,4.29,0.07,101.54,-999.0
20260311,11.5,8.3,92.22,5.93,0.5,101.0,-999.0
20260312,2.82,5.12,86.14,7.46,9.26,100.76,-999.0
20260313,8.01,2.65,72.5,6.4,0.03,101.56,-999.0
20260314,19.1,5.17,71.02,7.3,0.02,101.56,-999.0
20260315,5.09,3.36,81.48,6.17,0.1,102.68,-999.0
20260316,6.09,8.27,96.82,10.64,28.62,100.35,-999.0
20260317,19.51,2.29,66.01,9.41,0.6,101.07,-999.0
20260318,18.92,-0.46,63.89,4.08,0.0,102.72,-999.0
20260319,7.12,2.68,71.69,3.35,0.0,102.37,-999.0
20260320,16.87,5.21,90.0,6.34,1.83,101.42,-999.0
20260321,20.04,7.42,83.17,4.05,0.09,101.06,-999.0
20260322,17.16,6.54,93.0,5.44,2.33,100.79,-999.0
20260323,4.8,4.66,86.97,6.85,6.19,101.05,-999.0
20260324,21.49,3.08,69.99,5.62,0.0,102.64,-999.0
20260325,-999.0,4.58,84.7,4.41,0.08,102.55,-999.0
20260326,20.08,8.77,88.5,7.78,0.13,101.04,-999.0
20260327,10.68,7.87,81.94,4.76,3.47,101.3,-999.0
20260328,22.15,2.78,64.73,5.97,0.0,102.76,-999.0
20260329,22.1,5.17,71.78,5.8,0.0,103.12,-999.0
20260330,20.42,9.49,85.58,7.27,0.18,102.06,-999.0
20260331,17.39,11.99,86.57,7.69,0.02,101.44,-999.0
20260401,15.24,12.49,89.11,4.11,5.2,101.59,-999.0
20260402,5.09,6.38,90.79,6.21,3.28,102.76,-999.0
20260403,13.25,8.13,95.99,3.39,0.7,102.26,-999.0
20260404,17.41,9.45,91.33,5.1,0.1,102.06,-999.0
20260405,3.99,9.27,92.79,4.47,10.0,101.03,-999.0
20260406,22.74,7.84,67.35,4.13,0.24,101.53,-999.0
20260407,22.67,6.85,69.98,5.46,1.2,102.2,-999.0
20260408,24.16,3.14,64.29,4.4,0.0,103.43,-999.0
20260409,23.94,5.21,77.11,3.36,0.0,103.3,-999.0
20260410,23.37,7.51,87.76,3.85,0.01,102.41,-999.0
20260411,24.11,10.11,73.15,4.46,0.0,102.19,-999.0
20260412,23.4,7.95,76.23,4.42,0.0,102.92,-999.0
20260413,7.74,12.11,86.04,5.27,0.05,101.65,-999.0
20260414,22.71,14.88,80.53,4.0,1.08,101.23,-999.0
20260415,21.25,16.15,81.31,3.99,1.38,101.09,-999.0
20260416,19.54,15.4,82.88,3.77,1.71,100.89,-999.0
20260417,17.01,16.51,80.59,3.17,2.86,100.95,-999.0
20260418,23.24,10.65,91.61,3.8,0.42,101.51,-999.0
20260419,3.48,9.15,84.5,4.79,2.05,101.11,-999.0
20260420,14.97,7.55,63.86,4.04,0.91,102.03,-999.0
20260421,25.59,6.1,57.45,4.18,0.12,102.52,-999.0
20260422,8.88,8.8,83.85,4.9,1.6,101.68,-999.0
20260423,23.94,12.89,75.17,2.01,0.0,101.1,-999.0
20260424,22.85,11.76,74.66,2.93,0.0,100.88,-999.0
20260425,4.49,7.71,82.56,6.04,16.25,101.53,-999.0
20260426,20.27,8.34,80.33,4.7,2.15,101.81,-999.0
20260427,26.26,10.82,80.61,2.75,0.0,102.2,-999.0
20260428,9.2,10.85,78.98,2.27,0.0,101.89,-999.0
20260429,20.18,10.17,84.0,3.29,3.71,101.27,-999.0
20260430,9.06,10.98,88.35,1.91,6.07,100.65,-999.0
20260501,26.44,11.14,72.57,4.82,0.02,101.06,-999.0
20260502,18.45,11.44,78.12,2.29,0.48,100.99,-999.0
20260503,21.9,10.46,61.62,6.11,0.02,101.0,-999.0
20260504,26.24,12.62,73.36,5.94,0.0,101.09,-999.0
20260505,-999.0,14.54,79.89,6.65,0.01,100.91,-999.0
20260506,-999.0,14.36,87.83,6.35,1.42,100.75,-999.0
20260507,-999.0,-999.0,-999.0,-999.0,-999.0,-999.0,-999.0
20260508,-999.0,-999.0,-999.0,-999.0,-999.0,-999.0,-999.0
